product_key,product_name,category,platform,date,price_inr
apple-iphone-15-128gb-black,Apple iPhone 15 128GB Black,mobile,Amazon,2025-05-01,76780
apple-iphone-15-128gb-black,Apple iPhone 15 128GB Black,mobile,Amazon,2025-06-01,75940
apple-iphone-15-128gb-black,Apple iPhone 15 128GB Black,mobile,Amazon,2025-07-01,75670
apple-iphone-15-128gb-black,Apple iPhone 15 128GB Black,mobile,Amazon,2025-08-01,73300
apple-iphone-15-128gb-black,Apple iPhone 15 128GB Black,mobile,Amazon,2025-09-01,73270
apple-iphone-15-128gb-black,Apple iPhone 15 128GB Black,mobile,Amazon,2025-10-01,70700
apple-iphone-15-128gb-black,Apple iPhone 15 128GB Black,mobile,Amazon,2025-11-01,68290
apple-iphone-15-128gb-black,Apple iPhone 15 128GB Black,mobile,Amazon,2025-12-01,72120
apple-iphone-15-128gb-black,Apple iPhone 15 128GB Black,mobile,Amazon,2026-01-01,70880
apple-iphone-15-128gb-black,Apple iPhone 15 128GB Black,mobile,Amazon,2026-02-01,70020
apple-iphone-15-128gb-black,Apple iPhone 15 128GB Black,mobile,Amazon,2026-03-01,69750
apple-iphone-15-128gb-black,Apple iPhone 15 128GB Black,mobile,Amazon,2026-04-01,68400
apple-iphone-15-128gb-black,Apple iPhone 15 128GB Black,mobile,Flipkart,2025-05-01,75110
apple-iphone-15-128gb-black,Apple iPhone 15 128GB Black,mobile,Flipkart,2025-06-01,73170
apple-iphone-15-128gb-black,Apple iPhone 15 128GB Black,mobile,Flipkart,2025-07-01,72000
apple-iphone-15-128gb-black,Apple iPhone 15 128GB Black,mobile,Flipkart,2025-08-01,71340
apple-iphone-15-128gb-black,Apple iPhone 15 128GB Black,mobile,Flipkart,2025-09-01,72200
apple-iphone-15-128gb-black,Apple iPhone 15 128GB Black,mobile,Flipkart,2025-10-01,68440
apple-iphone-15-128gb-black,Apple iPhone 15 128GB Black,mobile,Flipkart,2025-11-01,66870
apple-iphone-15-128gb-black,Apple iPhone 15 128GB Black,mobile,Flipkart,2025-12-01,70550
apple-iphone-15-128gb-black,Apple iPhone 15 128GB Black,mobile,Flipkart,2026-01-01,70370
apple-iphone-15-128gb-black,Apple iPhone 15 128GB Black,mobile,Flipkart,2026-02-01,68370
apple-iphone-15-128gb-black,Apple iPhone 15 128GB Black,mobile,Flipkart,2026-03-01,68190
apple-iphone-15-128gb-black,Apple iPhone 15 128GB Black,mobile,Flipkart,2026-04-01,66780
apple-iphone-15-128gb-black,Apple iPhone 15 128GB Black,mobile,Myntra,2025-05-01,84090
apple-iphone-15-128gb-black,Apple iPhone 15 128GB Black,mobile,Myntra,2025-06-01,82870
apple-iphone-15-128gb-black,Apple iPhone 15 128GB Black,mobile,Myntra,2025-07-01,80640
apple-iphone-15-128gb-black,Apple iPhone 15 128GB Black,mobile,Myntra,2025-08-01,79560
apple-iphone-15-128gb-black,Apple iPhone 15 128GB Black,mobile,Myntra,2025-09-01,79100
apple-iphone-15-128gb-black,Apple iPhone 15 128GB Black,mobile,Myntra,2025-10-01,75080
apple-iphone-15-128gb-black,Apple iPhone 15 128GB Black,mobile,Myntra,2025-11-01,73170
apple-iphone-15-128gb-black,Apple iPhone 15 128GB Black,mobile,Myntra,2025-12-01,74870
apple-iphone-15-128gb-black,Apple iPhone 15 128GB Black,mobile,Myntra,2026-01-01,74530
apple-iphone-15-128gb-black,Apple iPhone 15 128GB Black,mobile,Myntra,2026-02-01,71710
apple-iphone-15-128gb-black,Apple iPhone 15 128GB Black,mobile,Myntra,2026-03-01,70920
apple-iphone-15-128gb-black,Apple iPhone 15 128GB Black,mobile,Myntra,2026-04-01,69760
apple-iphone-15-128gb-black,Apple iPhone 15 128GB Black,mobile,Croma,2025-05-01,82860
apple-iphone-15-128gb-black,Apple iPhone 15 128GB Black,mobile,Croma,2025-06-01,80600
apple-iphone-15-128gb-black,Apple iPhone 15 128GB Black,mobile,Croma,2025-07-01,79060
apple-iphone-15-128gb-black,Apple iPhone 15 128GB Black,mobile,Croma,2025-08-01,78500
apple-iphone-15-128gb-black,Apple iPhone 15 128GB Black,mobile,Croma,2025-09-01,77260
apple-iphone-15-128gb-black,Apple iPhone 15 128GB Black,mobile,Croma,2025-10-01,75570
apple-iphone-15-128gb-black,Apple iPhone 15 128GB Black,mobile,Croma,2025-11-01,71340
apple-iphone-15-128gb-black,Apple iPhone 15 128GB Black,mobile,Croma,2025-12-01,75120
apple-iphone-15-128gb-black,Apple iPhone 15 128GB Black,mobile,Croma,2026-01-01,74370
apple-iphone-15-128gb-black,Apple iPhone 15 128GB Black,mobile,Croma,2026-02-01,71560
apple-iphone-15-128gb-black,Apple iPhone 15 128GB Black,mobile,Croma,2026-03-01,70380
apple-iphone-15-128gb-black,Apple iPhone 15 128GB Black,mobile,Croma,2026-04-01,69760
samsung-galaxy-s24-256gb-onyx-black,Samsung Galaxy S24 256GB Onyx Black,mobile,Amazon,2025-05-01,84540
samsung-galaxy-s24-256gb-onyx-black,Samsung Galaxy S24 256GB Onyx Black,mobile,Amazon,2025-06-01,85360
samsung-galaxy-s24-256gb-onyx-black,Samsung Galaxy S24 256GB Onyx Black,mobile,Amazon,2025-07-01,83340
samsung-galaxy-s24-256gb-onyx-black,Samsung Galaxy S24 256GB Onyx Black,mobile,Amazon,2025-08-01,81480
samsung-galaxy-s24-256gb-onyx-black,Samsung Galaxy S24 256GB Onyx Black,mobile,Amazon,2025-09-01,80450
samsung-galaxy-s24-256gb-onyx-black,Samsung Galaxy S24 256GB Onyx Black,mobile,Amazon,2025-10-01,79000
samsung-galaxy-s24-256gb-onyx-black,Samsung Galaxy S24 256GB Onyx Black,mobile,Amazon,2025-11-01,75570
samsung-galaxy-s24-256gb-onyx-black,Samsung Galaxy S24 256GB Onyx Black,mobile,Amazon,2025-12-01,78880
samsung-galaxy-s24-256gb-onyx-black,Samsung Galaxy S24 256GB Onyx Black,mobile,Amazon,2026-01-01,79340
samsung-galaxy-s24-256gb-onyx-black,Samsung Galaxy S24 256GB Onyx Black,mobile,Amazon,2026-02-01,77910
samsung-galaxy-s24-256gb-onyx-black,Samsung Galaxy S24 256GB Onyx Black,mobile,Amazon,2026-03-01,76740
samsung-galaxy-s24-256gb-onyx-black,Samsung Galaxy S24 256GB Onyx Black,mobile,Amazon,2026-04-01,75000
samsung-galaxy-s24-256gb-onyx-black,Samsung Galaxy S24 256GB Onyx Black,mobile,Flipkart,2025-05-01,83490
samsung-galaxy-s24-256gb-onyx-black,Samsung Galaxy S24 256GB Onyx Black,mobile,Flipkart,2025-06-01,82300
samsung-galaxy-s24-256gb-onyx-black,Samsung Galaxy S24 256GB Onyx Black,mobile,Flipkart,2025-07-01,81070
samsung-galaxy-s24-256gb-onyx-black,Samsung Galaxy S24 256GB Onyx Black,mobile,Flipkart,2025-08-01,81810
samsung-galaxy-s24-256gb-onyx-black,Samsung Galaxy S24 256GB Onyx Black,mobile,Flipkart,2025-09-01,80920
samsung-galaxy-s24-256gb-onyx-black,Samsung Galaxy S24 256GB Onyx Black,mobile,Flipkart,2025-10-01,75720
samsung-galaxy-s24-256gb-onyx-black,Samsung Galaxy S24 256GB Onyx Black,mobile,Flipkart,2025-11-01,74760
samsung-galaxy-s24-256gb-onyx-black,Samsung Galaxy S24 256GB Onyx Black,mobile,Flipkart,2025-12-01,79640
samsung-galaxy-s24-256gb-onyx-black,Samsung Galaxy S24 256GB Onyx Black,mobile,Flipkart,2026-01-01,77180
samsung-galaxy-s24-256gb-onyx-black,Samsung Galaxy S24 256GB Onyx Black,mobile,Flipkart,2026-02-01,75750
samsung-galaxy-s24-256gb-onyx-black,Samsung Galaxy S24 256GB Onyx Black,mobile,Flipkart,2026-03-01,74390
samsung-galaxy-s24-256gb-onyx-black,Samsung Galaxy S24 256GB Onyx Black,mobile,Flipkart,2026-04-01,74270
samsung-galaxy-s24-256gb-onyx-black,Samsung Galaxy S24 256GB Onyx Black,mobile,Myntra,2025-05-01,84750
samsung-galaxy-s24-256gb-onyx-black,Samsung Galaxy S24 256GB Onyx Black,mobile,Myntra,2025-06-01,84000
samsung-galaxy-s24-256gb-onyx-black,Samsung Galaxy S24 256GB Onyx Black,mobile,Myntra,2025-07-01,83250
samsung-galaxy-s24-256gb-onyx-black,Samsung Galaxy S24 256GB Onyx Black,mobile,Myntra,2025-08-01,81430
samsung-galaxy-s24-256gb-onyx-black,Samsung Galaxy S24 256GB Onyx Black,mobile,Myntra,2025-09-01,80230
samsung-galaxy-s24-256gb-onyx-black,Samsung Galaxy S24 256GB Onyx Black,mobile,Myntra,2025-10-01,77460
samsung-galaxy-s24-256gb-onyx-black,Samsung Galaxy S24 256GB Onyx Black,mobile,Myntra,2025-11-01,78160
samsung-galaxy-s24-256gb-onyx-black,Samsung Galaxy S24 256GB Onyx Black,mobile,Myntra,2025-12-01,80350
samsung-galaxy-s24-256gb-onyx-black,Samsung Galaxy S24 256GB Onyx Black,mobile,Myntra,2026-01-01,79070
samsung-galaxy-s24-256gb-onyx-black,Samsung Galaxy S24 256GB Onyx Black,mobile,Myntra,2026-02-01,77970
samsung-galaxy-s24-256gb-onyx-black,Samsung Galaxy S24 256GB Onyx Black,mobile,Myntra,2026-03-01,77500
samsung-galaxy-s24-256gb-onyx-black,Samsung Galaxy S24 256GB Onyx Black,mobile,Myntra,2026-04-01,76750
samsung-galaxy-s24-256gb-onyx-black,Samsung Galaxy S24 256GB Onyx Black,mobile,Croma,2025-05-01,89280
samsung-galaxy-s24-256gb-onyx-black,Samsung Galaxy S24 256GB Onyx Black,mobile,Croma,2025-06-01,88730
samsung-galaxy-s24-256gb-onyx-black,Samsung Galaxy S24 256GB Onyx Black,mobile,Croma,2025-07-01,86900
samsung-galaxy-s24-256gb-onyx-black,Samsung Galaxy S24 256GB Onyx Black,mobile,Croma,2025-08-01,86930
samsung-galaxy-s24-256gb-onyx-black,Samsung Galaxy S24 256GB Onyx Black,mobile,Croma,2025-09-01,84760
samsung-galaxy-s24-256gb-onyx-black,Samsung Galaxy S24 256GB Onyx Black,mobile,Croma,2025-10-01,80480
samsung-galaxy-s24-256gb-onyx-black,Samsung Galaxy S24 256GB Onyx Black,mobile,Croma,2025-11-01,81110
samsung-galaxy-s24-256gb-onyx-black,Samsung Galaxy S24 256GB Onyx Black,mobile,Croma,2025-12-01,81320
samsung-galaxy-s24-256gb-onyx-black,Samsung Galaxy S24 256GB Onyx Black,mobile,Croma,2026-01-01,80410
samsung-galaxy-s24-256gb-onyx-black,Samsung Galaxy S24 256GB Onyx Black,mobile,Croma,2026-02-01,78100
samsung-galaxy-s24-256gb-onyx-black,Samsung Galaxy S24 256GB Onyx Black,mobile,Croma,2026-03-01,76860
samsung-galaxy-s24-256gb-onyx-black,Samsung Galaxy S24 256GB Onyx Black,mobile,Croma,2026-04-01,76750
oneplus-12-256gb-flowy-emerald,OnePlus 12 256GB Flowy Emerald,mobile,Amazon,2025-05-01,72030
oneplus-12-256gb-flowy-emerald,OnePlus 12 256GB Flowy Emerald,mobile,Amazon,2025-06-01,71470
oneplus-12-256gb-flowy-emerald,OnePlus 12 256GB Flowy Emerald,mobile,Amazon,2025-07-01,70050
oneplus-12-256gb-flowy-emerald,OnePlus 12 256GB Flowy Emerald,mobile,Amazon,2025-08-01,68580
oneplus-12-256gb-flowy-emerald,OnePlus 12 256GB Flowy Emerald,mobile,Amazon,2025-09-01,68160
oneplus-12-256gb-flowy-emerald,OnePlus 12 256GB Flowy Emerald,mobile,Amazon,2025-10-01,64350
oneplus-12-256gb-flowy-emerald,OnePlus 12 256GB Flowy Emerald,mobile,Amazon,2025-11-01,63360
oneplus-12-256gb-flowy-emerald,OnePlus 12 256GB Flowy Emerald,mobile,Amazon,2025-12-01,67020
oneplus-12-256gb-flowy-emerald,OnePlus 12 256GB Flowy Emerald,mobile,Amazon,2026-01-01,65450
oneplus-12-256gb-flowy-emerald,OnePlus 12 256GB Flowy Emerald,mobile,Amazon,2026-02-01,64220
oneplus-12-256gb-flowy-emerald,OnePlus 12 256GB Flowy Emerald,mobile,Amazon,2026-03-01,62280
oneplus-12-256gb-flowy-emerald,OnePlus 12 256GB Flowy Emerald,mobile,Amazon,2026-04-01,62250
oneplus-12-256gb-flowy-emerald,OnePlus 12 256GB Flowy Emerald,mobile,Flipkart,2025-05-01,69170
oneplus-12-256gb-flowy-emerald,OnePlus 12 256GB Flowy Emerald,mobile,Flipkart,2025-06-01,68110
oneplus-12-256gb-flowy-emerald,OnePlus 12 256GB Flowy Emerald,mobile,Flipkart,2025-07-01,67260
oneplus-12-256gb-flowy-emerald,OnePlus 12 256GB Flowy Emerald,mobile,Flipkart,2025-08-01,67720
oneplus-12-256gb-flowy-emerald,OnePlus 12 256GB Flowy Emerald,mobile,Flipkart,2025-09-01,66030
oneplus-12-256gb-flowy-emerald,OnePlus 12 256GB Flowy Emerald,mobile,Flipkart,2025-10-01,62060
oneplus-12-256gb-flowy-emerald,OnePlus 12 256GB Flowy Emerald,mobile,Flipkart,2025-11-01,64110
oneplus-12-256gb-flowy-emerald,OnePlus 12 256GB Flowy Emerald,mobile,Flipkart,2025-12-01,65710
oneplus-12-256gb-flowy-emerald,OnePlus 12 256GB Flowy Emerald,mobile,Flipkart,2026-01-01,64780
oneplus-12-256gb-flowy-emerald,OnePlus 12 256GB Flowy Emerald,mobile,Flipkart,2026-02-01,61540
oneplus-12-256gb-flowy-emerald,OnePlus 12 256GB Flowy Emerald,mobile,Flipkart,2026-03-01,61340
oneplus-12-256gb-flowy-emerald,OnePlus 12 256GB Flowy Emerald,mobile,Flipkart,2026-04-01,60570
oneplus-12-256gb-flowy-emerald,OnePlus 12 256GB Flowy Emerald,mobile,Myntra,2025-05-01,68830
oneplus-12-256gb-flowy-emerald,OnePlus 12 256GB Flowy Emerald,mobile,Myntra,2025-06-01,69310
oneplus-12-256gb-flowy-emerald,OnePlus 12 256GB Flowy Emerald,mobile,Myntra,2025-07-01,68530
oneplus-12-256gb-flowy-emerald,OnePlus 12 256GB Flowy Emerald,mobile,Myntra,2025-08-01,67080
oneplus-12-256gb-flowy-emerald,OnePlus 12 256GB Flowy Emerald,mobile,Myntra,2025-09-01,67330
oneplus-12-256gb-flowy-emerald,OnePlus 12 256GB Flowy Emerald,mobile,Myntra,2025-10-01,63920
oneplus-12-256gb-flowy-emerald,OnePlus 12 256GB Flowy Emerald,mobile,Myntra,2025-11-01,63020
oneplus-12-256gb-flowy-emerald,OnePlus 12 256GB Flowy Emerald,mobile,Myntra,2025-12-01,65370
oneplus-12-256gb-flowy-emerald,OnePlus 12 256GB Flowy Emerald,mobile,Myntra,2026-01-01,65700
oneplus-12-256gb-flowy-emerald,OnePlus 12 256GB Flowy Emerald,mobile,Myntra,2026-02-01,63560
oneplus-12-256gb-flowy-emerald,OnePlus 12 256GB Flowy Emerald,mobile,Myntra,2026-03-01,63510
oneplus-12-256gb-flowy-emerald,OnePlus 12 256GB Flowy Emerald,mobile,Myntra,2026-04-01,63340
oneplus-12-256gb-flowy-emerald,OnePlus 12 256GB Flowy Emerald,mobile,Croma,2025-05-01,74790
oneplus-12-256gb-flowy-emerald,OnePlus 12 256GB Flowy Emerald,mobile,Croma,2025-06-01,73880
oneplus-12-256gb-flowy-emerald,OnePlus 12 256GB Flowy Emerald,mobile,Croma,2025-07-01,73530
oneplus-12-256gb-flowy-emerald,OnePlus 12 256GB Flowy Emerald,mobile,Croma,2025-08-01,72560
oneplus-12-256gb-flowy-emerald,OnePlus 12 256GB Flowy Emerald,mobile,Croma,2025-09-01,70630
oneplus-12-256gb-flowy-emerald,OnePlus 12 256GB Flowy Emerald,mobile,Croma,2025-10-01,69200
oneplus-12-256gb-flowy-emerald,OnePlus 12 256GB Flowy Emerald,mobile,Croma,2025-11-01,67230
oneplus-12-256gb-flowy-emerald,OnePlus 12 256GB Flowy Emerald,mobile,Croma,2025-12-01,68530
oneplus-12-256gb-flowy-emerald,OnePlus 12 256GB Flowy Emerald,mobile,Croma,2026-01-01,67570
oneplus-12-256gb-flowy-emerald,OnePlus 12 256GB Flowy Emerald,mobile,Croma,2026-02-01,66370
oneplus-12-256gb-flowy-emerald,OnePlus 12 256GB Flowy Emerald,mobile,Croma,2026-03-01,63900
oneplus-12-256gb-flowy-emerald,OnePlus 12 256GB Flowy Emerald,mobile,Croma,2026-04-01,63340
xiaomi-redmi-note-13-pro-256gb,Xiaomi Redmi Note 13 Pro+ 256GB,mobile,Amazon,2025-05-01,34640
xiaomi-redmi-note-13-pro-256gb,Xiaomi Redmi Note 13 Pro+ 256GB,mobile,Amazon,2025-06-01,34620
xiaomi-redmi-note-13-pro-256gb,Xiaomi Redmi Note 13 Pro+ 256GB,mobile,Amazon,2025-07-01,34180
xiaomi-redmi-note-13-pro-256gb,Xiaomi Redmi Note 13 Pro+ 256GB,mobile,Amazon,2025-08-01,32910
xiaomi-redmi-note-13-pro-256gb,Xiaomi Redmi Note 13 Pro+ 256GB,mobile,Amazon,2025-09-01,33010
xiaomi-redmi-note-13-pro-256gb,Xiaomi Redmi Note 13 Pro+ 256GB,mobile,Amazon,2025-10-01,30830
xiaomi-redmi-note-13-pro-256gb,Xiaomi Redmi Note 13 Pro+ 256GB,mobile,Amazon,2025-11-01,30780
xiaomi-redmi-note-13-pro-256gb,Xiaomi Redmi Note 13 Pro+ 256GB,mobile,Amazon,2025-12-01,31650
xiaomi-redmi-note-13-pro-256gb,Xiaomi Redmi Note 13 Pro+ 256GB,mobile,Amazon,2026-01-01,31080
xiaomi-redmi-note-13-pro-256gb,Xiaomi Redmi Note 13 Pro+ 256GB,mobile,Amazon,2026-02-01,30490
xiaomi-redmi-note-13-pro-256gb,Xiaomi Redmi Note 13 Pro+ 256GB,mobile,Amazon,2026-03-01,30190
xiaomi-redmi-note-13-pro-256gb,Xiaomi Redmi Note 13 Pro+ 256GB,mobile,Amazon,2026-04-01,29800
xiaomi-redmi-note-13-pro-256gb,Xiaomi Redmi Note 13 Pro+ 256GB,mobile,Flipkart,2025-05-01,34810
xiaomi-redmi-note-13-pro-256gb,Xiaomi Redmi Note 13 Pro+ 256GB,mobile,Flipkart,2025-06-01,34650
xiaomi-redmi-note-13-pro-256gb,Xiaomi Redmi Note 13 Pro+ 256GB,mobile,Flipkart,2025-07-01,34400
xiaomi-redmi-note-13-pro-256gb,Xiaomi Redmi Note 13 Pro+ 256GB,mobile,Flipkart,2025-08-01,33180
xiaomi-redmi-note-13-pro-256gb,Xiaomi Redmi Note 13 Pro+ 256GB,mobile,Flipkart,2025-09-01,32670
xiaomi-redmi-note-13-pro-256gb,Xiaomi Redmi Note 13 Pro+ 256GB,mobile,Flipkart,2025-10-01,31840
xiaomi-redmi-note-13-pro-256gb,Xiaomi Redmi Note 13 Pro+ 256GB,mobile,Flipkart,2025-11-01,31190
xiaomi-redmi-note-13-pro-256gb,Xiaomi Redmi Note 13 Pro+ 256GB,mobile,Flipkart,2025-12-01,31740
xiaomi-redmi-note-13-pro-256gb,Xiaomi Redmi Note 13 Pro+ 256GB,mobile,Flipkart,2026-01-01,31260
xiaomi-redmi-note-13-pro-256gb,Xiaomi Redmi Note 13 Pro+ 256GB,mobile,Flipkart,2026-02-01,30530
xiaomi-redmi-note-13-pro-256gb,Xiaomi Redmi Note 13 Pro+ 256GB,mobile,Flipkart,2026-03-01,30410
xiaomi-redmi-note-13-pro-256gb,Xiaomi Redmi Note 13 Pro+ 256GB,mobile,Flipkart,2026-04-01,29550
xiaomi-redmi-note-13-pro-256gb,Xiaomi Redmi Note 13 Pro+ 256GB,mobile,Myntra,2025-05-01,33110
xiaomi-redmi-note-13-pro-256gb,Xiaomi Redmi Note 13 Pro+ 256GB,mobile,Myntra,2025-06-01,32730
xiaomi-redmi-note-13-pro-256gb,Xiaomi Redmi Note 13 Pro+ 256GB,mobile,Myntra,2025-07-01,32150
xiaomi-redmi-note-13-pro-256gb,Xiaomi Redmi Note 13 Pro+ 256GB,mobile,Myntra,2025-08-01,32330
xiaomi-redmi-note-13-pro-256gb,Xiaomi Redmi Note 13 Pro+ 256GB,mobile,Myntra,2025-09-01,31900
xiaomi-redmi-note-13-pro-256gb,Xiaomi Redmi Note 13 Pro+ 256GB,mobile,Myntra,2025-10-01,30050
xiaomi-redmi-note-13-pro-256gb,Xiaomi Redmi Note 13 Pro+ 256GB,mobile,Myntra,2025-11-01,31010
xiaomi-redmi-note-13-pro-256gb,Xiaomi Redmi Note 13 Pro+ 256GB,mobile,Myntra,2025-12-01,31700
xiaomi-redmi-note-13-pro-256gb,Xiaomi Redmi Note 13 Pro+ 256GB,mobile,Myntra,2026-01-01,31450
xiaomi-redmi-note-13-pro-256gb,Xiaomi Redmi Note 13 Pro+ 256GB,mobile,Myntra,2026-02-01,30290
xiaomi-redmi-note-13-pro-256gb,Xiaomi Redmi Note 13 Pro+ 256GB,mobile,Myntra,2026-03-01,30020
xiaomi-redmi-note-13-pro-256gb,Xiaomi Redmi Note 13 Pro+ 256GB,mobile,Myntra,2026-04-01,30100
xiaomi-redmi-note-13-pro-256gb,Xiaomi Redmi Note 13 Pro+ 256GB,mobile,Croma,2025-05-01,34920
xiaomi-redmi-note-13-pro-256gb,Xiaomi Redmi Note 13 Pro+ 256GB,mobile,Croma,2025-06-01,34650
xiaomi-redmi-note-13-pro-256gb,Xiaomi Redmi Note 13 Pro+ 256GB,mobile,Croma,2025-07-01,34490
xiaomi-redmi-note-13-pro-256gb,Xiaomi Redmi Note 13 Pro+ 256GB,mobile,Croma,2025-08-01,34130
xiaomi-redmi-note-13-pro-256gb,Xiaomi Redmi Note 13 Pro+ 256GB,mobile,Croma,2025-09-01,33480
xiaomi-redmi-note-13-pro-256gb,Xiaomi Redmi Note 13 Pro+ 256GB,mobile,Croma,2025-10-01,30850
xiaomi-redmi-note-13-pro-256gb,Xiaomi Redmi Note 13 Pro+ 256GB,mobile,Croma,2025-11-01,31830
xiaomi-redmi-note-13-pro-256gb,Xiaomi Redmi Note 13 Pro+ 256GB,mobile,Croma,2025-12-01,32050
xiaomi-redmi-note-13-pro-256gb,Xiaomi Redmi Note 13 Pro+ 256GB,mobile,Croma,2026-01-01,32060
xiaomi-redmi-note-13-pro-256gb,Xiaomi Redmi Note 13 Pro+ 256GB,mobile,Croma,2026-02-01,31250
xiaomi-redmi-note-13-pro-256gb,Xiaomi Redmi Note 13 Pro+ 256GB,mobile,Croma,2026-03-01,30470
xiaomi-redmi-note-13-pro-256gb,Xiaomi Redmi Note 13 Pro+ 256GB,mobile,Croma,2026-04-01,30100
google-pixel-8-128gb-hazel,Google Pixel 8 128GB Hazel,mobile,Amazon,2025-05-01,73890
google-pixel-8-128gb-hazel,Google Pixel 8 128GB Hazel,mobile,Amazon,2025-06-01,74310
google-pixel-8-128gb-hazel,Google Pixel 8 128GB Hazel,mobile,Amazon,2025-07-01,73270
google-pixel-8-128gb-hazel,Google Pixel 8 128GB Hazel,mobile,Amazon,2025-08-01,71040
google-pixel-8-128gb-hazel,Google Pixel 8 128GB Hazel,mobile,Amazon,2025-09-01,71140
google-pixel-8-128gb-hazel,Google Pixel 8 128GB Hazel,mobile,Amazon,2025-10-01,66740
google-pixel-8-128gb-hazel,Google Pixel 8 128GB Hazel,mobile,Amazon,2025-11-01,64730
google-pixel-8-128gb-hazel,Google Pixel 8 128GB Hazel,mobile,Amazon,2025-12-01,67240
google-pixel-8-128gb-hazel,Google Pixel 8 128GB Hazel,mobile,Amazon,2026-01-01,67780
google-pixel-8-128gb-hazel,Google Pixel 8 128GB Hazel,mobile,Amazon,2026-02-01,66320
google-pixel-8-128gb-hazel,Google Pixel 8 128GB Hazel,mobile,Amazon,2026-03-01,64000
google-pixel-8-128gb-hazel,Google Pixel 8 128GB Hazel,mobile,Amazon,2026-04-01,63400
google-pixel-8-128gb-hazel,Google Pixel 8 128GB Hazel,mobile,Flipkart,2025-05-01,69610
google-pixel-8-128gb-hazel,Google Pixel 8 128GB Hazel,mobile,Flipkart,2025-06-01,67520
google-pixel-8-128gb-hazel,Google Pixel 8 128GB Hazel,mobile,Flipkart,2025-07-01,68400
google-pixel-8-128gb-hazel,Google Pixel 8 128GB Hazel,mobile,Flipkart,2025-08-01,66490
google-pixel-8-128gb-hazel,Google Pixel 8 128GB Hazel,mobile,Flipkart,2025-09-01,65590
google-pixel-8-128gb-hazel,Google Pixel 8 128GB Hazel,mobile,Flipkart,2025-10-01,63810
google-pixel-8-128gb-hazel,Google Pixel 8 128GB Hazel,mobile,Flipkart,2025-11-01,63290
google-pixel-8-128gb-hazel,Google Pixel 8 128GB Hazel,mobile,Flipkart,2025-12-01,65120
google-pixel-8-128gb-hazel,Google Pixel 8 128GB Hazel,mobile,Flipkart,2026-01-01,64340
google-pixel-8-128gb-hazel,Google Pixel 8 128GB Hazel,mobile,Flipkart,2026-02-01,63740
google-pixel-8-128gb-hazel,Google Pixel 8 128GB Hazel,mobile,Flipkart,2026-03-01,61810
google-pixel-8-128gb-hazel,Google Pixel 8 128GB Hazel,mobile,Flipkart,2026-04-01,62150
google-pixel-8-128gb-hazel,Google Pixel 8 128GB Hazel,mobile,Myntra,2025-05-01,74120
google-pixel-8-128gb-hazel,Google Pixel 8 128GB Hazel,mobile,Myntra,2025-06-01,73270
google-pixel-8-128gb-hazel,Google Pixel 8 128GB Hazel,mobile,Myntra,2025-07-01,71910
google-pixel-8-128gb-hazel,Google Pixel 8 128GB Hazel,mobile,Myntra,2025-08-01,71190
google-pixel-8-128gb-hazel,Google Pixel 8 128GB Hazel,mobile,Myntra,2025-09-01,69380
google-pixel-8-128gb-hazel,Google Pixel 8 128GB Hazel,mobile,Myntra,2025-10-01,65780
google-pixel-8-128gb-hazel,Google Pixel 8 128GB Hazel,mobile,Myntra,2025-11-01,65220
google-pixel-8-128gb-hazel,Google Pixel 8 128GB Hazel,mobile,Myntra,2025-12-01,68770
google-pixel-8-128gb-hazel,Google Pixel 8 128GB Hazel,mobile,Myntra,2026-01-01,67710
google-pixel-8-128gb-hazel,Google Pixel 8 128GB Hazel,mobile,Myntra,2026-02-01,65880
google-pixel-8-128gb-hazel,Google Pixel 8 128GB Hazel,mobile,Myntra,2026-03-01,65780
google-pixel-8-128gb-hazel,Google Pixel 8 128GB Hazel,mobile,Myntra,2026-04-01,64510
google-pixel-8-128gb-hazel,Google Pixel 8 128GB Hazel,mobile,Croma,2025-05-01,72140
google-pixel-8-128gb-hazel,Google Pixel 8 128GB Hazel,mobile,Croma,2025-06-01,71720
google-pixel-8-128gb-hazel,Google Pixel 8 128GB Hazel,mobile,Croma,2025-07-01,71150
google-pixel-8-128gb-hazel,Google Pixel 8 128GB Hazel,mobile,Croma,2025-08-01,70090
google-pixel-8-128gb-hazel,Google Pixel 8 128GB Hazel,mobile,Croma,2025-09-01,69340
google-pixel-8-128gb-hazel,Google Pixel 8 128GB Hazel,mobile,Croma,2025-10-01,66900
google-pixel-8-128gb-hazel,Google Pixel 8 128GB Hazel,mobile,Croma,2025-11-01,65070
google-pixel-8-128gb-hazel,Google Pixel 8 128GB Hazel,mobile,Croma,2025-12-01,67020
google-pixel-8-128gb-hazel,Google Pixel 8 128GB Hazel,mobile,Croma,2026-01-01,67680
google-pixel-8-128gb-hazel,Google Pixel 8 128GB Hazel,mobile,Croma,2026-02-01,65610
google-pixel-8-128gb-hazel,Google Pixel 8 128GB Hazel,mobile,Croma,2026-03-01,65820
google-pixel-8-128gb-hazel,Google Pixel 8 128GB Hazel,mobile,Croma,2026-04-01,64510
nothing-phone-2-256gb-dark-grey,Nothing Phone (2) 256GB Dark Grey,mobile,Amazon,2025-05-01,43870
nothing-phone-2-256gb-dark-grey,Nothing Phone (2) 256GB Dark Grey,mobile,Amazon,2025-06-01,43800
nothing-phone-2-256gb-dark-grey,Nothing Phone (2) 256GB Dark Grey,mobile,Amazon,2025-07-01,43910
nothing-phone-2-256gb-dark-grey,Nothing Phone (2) 256GB Dark Grey,mobile,Amazon,2025-08-01,42630
nothing-phone-2-256gb-dark-grey,Nothing Phone (2) 256GB Dark Grey,mobile,Amazon,2025-09-01,42700
nothing-phone-2-256gb-dark-grey,Nothing Phone (2) 256GB Dark Grey,mobile,Amazon,2025-10-01,40280
nothing-phone-2-256gb-dark-grey,Nothing Phone (2) 256GB Dark Grey,mobile,Amazon,2025-11-01,40190
nothing-phone-2-256gb-dark-grey,Nothing Phone (2) 256GB Dark Grey,mobile,Amazon,2025-12-01,42310
nothing-phone-2-256gb-dark-grey,Nothing Phone (2) 256GB Dark Grey,mobile,Amazon,2026-01-01,41930
nothing-phone-2-256gb-dark-grey,Nothing Phone (2) 256GB Dark Grey,mobile,Amazon,2026-02-01,41410
nothing-phone-2-256gb-dark-grey,Nothing Phone (2) 256GB Dark Grey,mobile,Amazon,2026-03-01,40270
nothing-phone-2-256gb-dark-grey,Nothing Phone (2) 256GB Dark Grey,mobile,Amazon,2026-04-01,40400
nothing-phone-2-256gb-dark-grey,Nothing Phone (2) 256GB Dark Grey,mobile,Flipkart,2025-05-01,42790
nothing-phone-2-256gb-dark-grey,Nothing Phone (2) 256GB Dark Grey,mobile,Flipkart,2025-06-01,43150
nothing-phone-2-256gb-dark-grey,Nothing Phone (2) 256GB Dark Grey,mobile,Flipkart,2025-07-01,42330
nothing-phone-2-256gb-dark-grey,Nothing Phone (2) 256GB Dark Grey,mobile,Flipkart,2025-08-01,42390
nothing-phone-2-256gb-dark-grey,Nothing Phone (2) 256GB Dark Grey,mobile,Flipkart,2025-09-01,41870
nothing-phone-2-256gb-dark-grey,Nothing Phone (2) 256GB Dark Grey,mobile,Flipkart,2025-10-01,39050
nothing-phone-2-256gb-dark-grey,Nothing Phone (2) 256GB Dark Grey,mobile,Flipkart,2025-11-01,39120
nothing-phone-2-256gb-dark-grey,Nothing Phone (2) 256GB Dark Grey,mobile,Flipkart,2025-12-01,41440
nothing-phone-2-256gb-dark-grey,Nothing Phone (2) 256GB Dark Grey,mobile,Flipkart,2026-01-01,41160
nothing-phone-2-256gb-dark-grey,Nothing Phone (2) 256GB Dark Grey,mobile,Flipkart,2026-02-01,39960
nothing-phone-2-256gb-dark-grey,Nothing Phone (2) 256GB Dark Grey,mobile,Flipkart,2026-03-01,40030
nothing-phone-2-256gb-dark-grey,Nothing Phone (2) 256GB Dark Grey,mobile,Flipkart,2026-04-01,39200
nothing-phone-2-256gb-dark-grey,Nothing Phone (2) 256GB Dark Grey,mobile,Myntra,2025-05-01,47960
nothing-phone-2-256gb-dark-grey,Nothing Phone (2) 256GB Dark Grey,mobile,Myntra,2025-06-01,47450
nothing-phone-2-256gb-dark-grey,Nothing Phone (2) 256GB Dark Grey,mobile,Myntra,2025-07-01,46390
nothing-phone-2-256gb-dark-grey,Nothing Phone (2) 256GB Dark Grey,mobile,Myntra,2025-08-01,45510
nothing-phone-2-256gb-dark-grey,Nothing Phone (2) 256GB Dark Grey,mobile,Myntra,2025-09-01,45120
nothing-phone-2-256gb-dark-grey,Nothing Phone (2) 256GB Dark Grey,mobile,Myntra,2025-10-01,43290
nothing-phone-2-256gb-dark-grey,Nothing Phone (2) 256GB Dark Grey,mobile,Myntra,2025-11-01,42000
nothing-phone-2-256gb-dark-grey,Nothing Phone (2) 256GB Dark Grey,mobile,Myntra,2025-12-01,44030
nothing-phone-2-256gb-dark-grey,Nothing Phone (2) 256GB Dark Grey,mobile,Myntra,2026-01-01,42920
nothing-phone-2-256gb-dark-grey,Nothing Phone (2) 256GB Dark Grey,mobile,Myntra,2026-02-01,42070
nothing-phone-2-256gb-dark-grey,Nothing Phone (2) 256GB Dark Grey,mobile,Myntra,2026-03-01,41590
nothing-phone-2-256gb-dark-grey,Nothing Phone (2) 256GB Dark Grey,mobile,Myntra,2026-04-01,40900
nothing-phone-2-256gb-dark-grey,Nothing Phone (2) 256GB Dark Grey,mobile,Croma,2025-05-01,48360
nothing-phone-2-256gb-dark-grey,Nothing Phone (2) 256GB Dark Grey,mobile,Croma,2025-06-01,47220
nothing-phone-2-256gb-dark-grey,Nothing Phone (2) 256GB Dark Grey,mobile,Croma,2025-07-01,46090
nothing-phone-2-256gb-dark-grey,Nothing Phone (2) 256GB Dark Grey,mobile,Croma,2025-08-01,45830
nothing-phone-2-256gb-dark-grey,Nothing Phone (2) 256GB Dark Grey,mobile,Croma,2025-09-01,45640
nothing-phone-2-256gb-dark-grey,Nothing Phone (2) 256GB Dark Grey,mobile,Croma,2025-10-01,43040
nothing-phone-2-256gb-dark-grey,Nothing Phone (2) 256GB Dark Grey,mobile,Croma,2025-11-01,42810
nothing-phone-2-256gb-dark-grey,Nothing Phone (2) 256GB Dark Grey,mobile,Croma,2025-12-01,43960
nothing-phone-2-256gb-dark-grey,Nothing Phone (2) 256GB Dark Grey,mobile,Croma,2026-01-01,42620
nothing-phone-2-256gb-dark-grey,Nothing Phone (2) 256GB Dark Grey,mobile,Croma,2026-02-01,41880
nothing-phone-2-256gb-dark-grey,Nothing Phone (2) 256GB Dark Grey,mobile,Croma,2026-03-01,40710
nothing-phone-2-256gb-dark-grey,Nothing Phone (2) 256GB Dark Grey,mobile,Croma,2026-04-01,40600
apple-airpods-pro-2nd-gen,Apple AirPods Pro (2nd Gen),headphones,Amazon,2025-05-01,26960
apple-airpods-pro-2nd-gen,Apple AirPods Pro (2nd Gen),headphones,Amazon,2025-06-01,26280
apple-airpods-pro-2nd-gen,Apple AirPods Pro (2nd Gen),headphones,Amazon,2025-07-01,26140
apple-airpods-pro-2nd-gen,Apple AirPods Pro (2nd Gen),headphones,Amazon,2025-08-01,25550
apple-airpods-pro-2nd-gen,Apple AirPods Pro (2nd Gen),headphones,Amazon,2025-09-01,25210
apple-airpods-pro-2nd-gen,Apple AirPods Pro (2nd Gen),headphones,Amazon,2025-10-01,24150
apple-airpods-pro-2nd-gen,Apple AirPods Pro (2nd Gen),headphones,Amazon,2025-11-01,22910
apple-airpods-pro-2nd-gen,Apple AirPods Pro (2nd Gen),headphones,Amazon,2025-12-01,24020
apple-airpods-pro-2nd-gen,Apple AirPods Pro (2nd Gen),headphones,Amazon,2026-01-01,23710
apple-airpods-pro-2nd-gen,Apple AirPods Pro (2nd Gen),headphones,Amazon,2026-02-01,23420
apple-airpods-pro-2nd-gen,Apple AirPods Pro (2nd Gen),headphones,Amazon,2026-03-01,22640
apple-airpods-pro-2nd-gen,Apple AirPods Pro (2nd Gen),headphones,Amazon,2026-04-01,22400
apple-airpods-pro-2nd-gen,Apple AirPods Pro (2nd Gen),headphones,Flipkart,2025-05-01,23860
apple-airpods-pro-2nd-gen,Apple AirPods Pro (2nd Gen),headphones,Flipkart,2025-06-01,23980
apple-airpods-pro-2nd-gen,Apple AirPods Pro (2nd Gen),headphones,Flipkart,2025-07-01,23360
apple-airpods-pro-2nd-gen,Apple AirPods Pro (2nd Gen),headphones,Flipkart,2025-08-01,23370
apple-airpods-pro-2nd-gen,Apple AirPods Pro (2nd Gen),headphones,Flipkart,2025-09-01,23270
apple-airpods-pro-2nd-gen,Apple AirPods Pro (2nd Gen),headphones,Flipkart,2025-10-01,22050
apple-airpods-pro-2nd-gen,Apple AirPods Pro (2nd Gen),headphones,Flipkart,2025-11-01,21230
apple-airpods-pro-2nd-gen,Apple AirPods Pro (2nd Gen),headphones,Flipkart,2025-12-01,22410
apple-airpods-pro-2nd-gen,Apple AirPods Pro (2nd Gen),headphones,Flipkart,2026-01-01,22600
apple-airpods-pro-2nd-gen,Apple AirPods Pro (2nd Gen),headphones,Flipkart,2026-02-01,22190
apple-airpods-pro-2nd-gen,Apple AirPods Pro (2nd Gen),headphones,Flipkart,2026-03-01,21770
apple-airpods-pro-2nd-gen,Apple AirPods Pro (2nd Gen),headphones,Flipkart,2026-04-01,21770
apple-airpods-pro-2nd-gen,Apple AirPods Pro (2nd Gen),headphones,Myntra,2025-05-01,27850
apple-airpods-pro-2nd-gen,Apple AirPods Pro (2nd Gen),headphones,Myntra,2025-06-01,27400
apple-airpods-pro-2nd-gen,Apple AirPods Pro (2nd Gen),headphones,Myntra,2025-07-01,27200
apple-airpods-pro-2nd-gen,Apple AirPods Pro (2nd Gen),headphones,Myntra,2025-08-01,27040
apple-airpods-pro-2nd-gen,Apple AirPods Pro (2nd Gen),headphones,Myntra,2025-09-01,26830
apple-airpods-pro-2nd-gen,Apple AirPods Pro (2nd Gen),headphones,Myntra,2025-10-01,25490
apple-airpods-pro-2nd-gen,Apple AirPods Pro (2nd Gen),headphones,Myntra,2025-11-01,25360
apple-airpods-pro-2nd-gen,Apple AirPods Pro (2nd Gen),headphones,Myntra,2025-12-01,25400
apple-airpods-pro-2nd-gen,Apple AirPods Pro (2nd Gen),headphones,Myntra,2026-01-01,25540
apple-airpods-pro-2nd-gen,Apple AirPods Pro (2nd Gen),headphones,Myntra,2026-02-01,24620
apple-airpods-pro-2nd-gen,Apple AirPods Pro (2nd Gen),headphones,Myntra,2026-03-01,23910
apple-airpods-pro-2nd-gen,Apple AirPods Pro (2nd Gen),headphones,Myntra,2026-04-01,23760
apple-airpods-pro-2nd-gen,Apple AirPods Pro (2nd Gen),headphones,Croma,2025-05-01,24000
apple-airpods-pro-2nd-gen,Apple AirPods Pro (2nd Gen),headphones,Croma,2025-06-01,23380
apple-airpods-pro-2nd-gen,Apple AirPods Pro (2nd Gen),headphones,Croma,2025-07-01,23450
apple-airpods-pro-2nd-gen,Apple AirPods Pro (2nd Gen),headphones,Croma,2025-08-01,23300
apple-airpods-pro-2nd-gen,Apple AirPods Pro (2nd Gen),headphones,Croma,2025-09-01,23070
apple-airpods-pro-2nd-gen,Apple AirPods Pro (2nd Gen),headphones,Croma,2025-10-01,22410
apple-airpods-pro-2nd-gen,Apple AirPods Pro (2nd Gen),headphones,Croma,2025-11-01,21640
apple-airpods-pro-2nd-gen,Apple AirPods Pro (2nd Gen),headphones,Croma,2025-12-01,22700
apple-airpods-pro-2nd-gen,Apple AirPods Pro (2nd Gen),headphones,Croma,2026-01-01,22720
apple-airpods-pro-2nd-gen,Apple AirPods Pro (2nd Gen),headphones,Croma,2026-02-01,22390
apple-airpods-pro-2nd-gen,Apple AirPods Pro (2nd Gen),headphones,Croma,2026-03-01,22100
apple-airpods-pro-2nd-gen,Apple AirPods Pro (2nd Gen),headphones,Croma,2026-04-01,21720
sony-wh-1000xm5-black,Sony WH-1000XM5 Black,headphones,Amazon,2025-05-01,35520
sony-wh-1000xm5-black,Sony WH-1000XM5 Black,headphones,Amazon,2025-06-01,35730
sony-wh-1000xm5-black,Sony WH-1000XM5 Black,headphones,Amazon,2025-07-01,34660
sony-wh-1000xm5-black,Sony WH-1000XM5 Black,headphones,Amazon,2025-08-01,34360
sony-wh-1000xm5-black,Sony WH-1000XM5 Black,headphones,Amazon,2025-09-01,33990
sony-wh-1000xm5-black,Sony WH-1000XM5 Black,headphones,Amazon,2025-10-01,31920
sony-wh-1000xm5-black,Sony WH-1000XM5 Black,headphones,Amazon,2025-11-01,30990
sony-wh-1000xm5-black,Sony WH-1000XM5 Black,headphones,Amazon,2025-12-01,32910
sony-wh-1000xm5-black,Sony WH-1000XM5 Black,headphones,Amazon,2026-01-01,32540
sony-wh-1000xm5-black,Sony WH-1000XM5 Black,headphones,Amazon,2026-02-01,31580
sony-wh-1000xm5-black,Sony WH-1000XM5 Black,headphones,Amazon,2026-03-01,30700
sony-wh-1000xm5-black,Sony WH-1000XM5 Black,headphones,Amazon,2026-04-01,30400
sony-wh-1000xm5-black,Sony WH-1000XM5 Black,headphones,Flipkart,2025-05-01,33700
sony-wh-1000xm5-black,Sony WH-1000XM5 Black,headphones,Flipkart,2025-06-01,33490
sony-wh-1000xm5-black,Sony WH-1000XM5 Black,headphones,Flipkart,2025-07-01,33290
sony-wh-1000xm5-black,Sony WH-1000XM5 Black,headphones,Flipkart,2025-08-01,32640
sony-wh-1000xm5-black,Sony WH-1000XM5 Black,headphones,Flipkart,2025-09-01,31830
sony-wh-1000xm5-black,Sony WH-1000XM5 Black,headphones,Flipkart,2025-10-01,30810
sony-wh-1000xm5-black,Sony WH-1000XM5 Black,headphones,Flipkart,2025-11-01,30690
sony-wh-1000xm5-black,Sony WH-1000XM5 Black,headphones,Flipkart,2025-12-01,31380
sony-wh-1000xm5-black,Sony WH-1000XM5 Black,headphones,Flipkart,2026-01-01,31350
sony-wh-1000xm5-black,Sony WH-1000XM5 Black,headphones,Flipkart,2026-02-01,30230
sony-wh-1000xm5-black,Sony WH-1000XM5 Black,headphones,Flipkart,2026-03-01,29630
sony-wh-1000xm5-black,Sony WH-1000XM5 Black,headphones,Flipkart,2026-04-01,29350
sony-wh-1000xm5-black,Sony WH-1000XM5 Black,headphones,Myntra,2025-05-01,36410
sony-wh-1000xm5-black,Sony WH-1000XM5 Black,headphones,Myntra,2025-06-01,36250
sony-wh-1000xm5-black,Sony WH-1000XM5 Black,headphones,Myntra,2025-07-01,35670
sony-wh-1000xm5-black,Sony WH-1000XM5 Black,headphones,Myntra,2025-08-01,34880
sony-wh-1000xm5-black,Sony WH-1000XM5 Black,headphones,Myntra,2025-09-01,35030
sony-wh-1000xm5-black,Sony WH-1000XM5 Black,headphones,Myntra,2025-10-01,33620
sony-wh-1000xm5-black,Sony WH-1000XM5 Black,headphones,Myntra,2025-11-01,32700
sony-wh-1000xm5-black,Sony WH-1000XM5 Black,headphones,Myntra,2025-12-01,34670
sony-wh-1000xm5-black,Sony WH-1000XM5 Black,headphones,Myntra,2026-01-01,33590
sony-wh-1000xm5-black,Sony WH-1000XM5 Black,headphones,Myntra,2026-02-01,32910
sony-wh-1000xm5-black,Sony WH-1000XM5 Black,headphones,Myntra,2026-03-01,32930
sony-wh-1000xm5-black,Sony WH-1000XM5 Black,headphones,Myntra,2026-04-01,32400
sony-wh-1000xm5-black,Sony WH-1000XM5 Black,headphones,Croma,2025-05-01,34880
sony-wh-1000xm5-black,Sony WH-1000XM5 Black,headphones,Croma,2025-06-01,33860
sony-wh-1000xm5-black,Sony WH-1000XM5 Black,headphones,Croma,2025-07-01,33330
sony-wh-1000xm5-black,Sony WH-1000XM5 Black,headphones,Croma,2025-08-01,33140
sony-wh-1000xm5-black,Sony WH-1000XM5 Black,headphones,Croma,2025-09-01,32870
sony-wh-1000xm5-black,Sony WH-1000XM5 Black,headphones,Croma,2025-10-01,31860
sony-wh-1000xm5-black,Sony WH-1000XM5 Black,headphones,Croma,2025-11-01,31430
sony-wh-1000xm5-black,Sony WH-1000XM5 Black,headphones,Croma,2025-12-01,31380
sony-wh-1000xm5-black,Sony WH-1000XM5 Black,headphones,Croma,2026-01-01,31560
sony-wh-1000xm5-black,Sony WH-1000XM5 Black,headphones,Croma,2026-02-01,30850
sony-wh-1000xm5-black,Sony WH-1000XM5 Black,headphones,Croma,2026-03-01,29930
sony-wh-1000xm5-black,Sony WH-1000XM5 Black,headphones,Croma,2026-04-01,29800
jbl-tune-770nc-blue,JBL Tune 770NC Blue,headphones,Amazon,2025-05-01,10350
jbl-tune-770nc-blue,JBL Tune 770NC Blue,headphones,Amazon,2025-06-01,10280
jbl-tune-770nc-blue,JBL Tune 770NC Blue,headphones,Amazon,2025-07-01,10160
jbl-tune-770nc-blue,JBL Tune 770NC Blue,headphones,Amazon,2025-08-01,10080
jbl-tune-770nc-blue,JBL Tune 770NC Blue,headphones,Amazon,2025-09-01,9840
jbl-tune-770nc-blue,JBL Tune 770NC Blue,headphones,Amazon,2025-10-01,9190
jbl-tune-770nc-blue,JBL Tune 770NC Blue,headphones,Amazon,2025-11-01,9220
jbl-tune-770nc-blue,JBL Tune 770NC Blue,headphones,Amazon,2025-12-01,9500
jbl-tune-770nc-blue,JBL Tune 770NC Blue,headphones,Amazon,2026-01-01,9440
jbl-tune-770nc-blue,JBL Tune 770NC Blue,headphones,Amazon,2026-02-01,9320
jbl-tune-770nc-blue,JBL Tune 770NC Blue,headphones,Amazon,2026-03-01,9160
jbl-tune-770nc-blue,JBL Tune 770NC Blue,headphones,Amazon,2026-04-01,9000
jbl-tune-770nc-blue,JBL Tune 770NC Blue,headphones,Flipkart,2025-05-01,9130
jbl-tune-770nc-blue,JBL Tune 770NC Blue,headphones,Flipkart,2025-06-01,9160
jbl-tune-770nc-blue,JBL Tune 770NC Blue,headphones,Flipkart,2025-07-01,9120
jbl-tune-770nc-blue,JBL Tune 770NC Blue,headphones,Flipkart,2025-08-01,8960
jbl-tune-770nc-blue,JBL Tune 770NC Blue,headphones,Flipkart,2025-09-01,8860
jbl-tune-770nc-blue,JBL Tune 770NC Blue,headphones,Flipkart,2025-10-01,8470
jbl-tune-770nc-blue,JBL Tune 770NC Blue,headphones,Flipkart,2025-11-01,8480
jbl-tune-770nc-blue,JBL Tune 770NC Blue,headphones,Flipkart,2025-12-01,8940
jbl-tune-770nc-blue,JBL Tune 770NC Blue,headphones,Flipkart,2026-01-01,8780
jbl-tune-770nc-blue,JBL Tune 770NC Blue,headphones,Flipkart,2026-02-01,8640
jbl-tune-770nc-blue,JBL Tune 770NC Blue,headphones,Flipkart,2026-03-01,8420
jbl-tune-770nc-blue,JBL Tune 770NC Blue,headphones,Flipkart,2026-04-01,8360
jbl-tune-770nc-blue,JBL Tune 770NC Blue,headphones,Myntra,2025-05-01,10930
jbl-tune-770nc-blue,JBL Tune 770NC Blue,headphones,Myntra,2025-06-01,10880
jbl-tune-770nc-blue,JBL Tune 770NC Blue,headphones,Myntra,2025-07-01,10920
jbl-tune-770nc-blue,JBL Tune 770NC Blue,headphones,Myntra,2025-08-01,10790
jbl-tune-770nc-blue,JBL Tune 770NC Blue,headphones,Myntra,2025-09-01,10630
jbl-tune-770nc-blue,JBL Tune 770NC Blue,headphones,Myntra,2025-10-01,10430
jbl-tune-770nc-blue,JBL Tune 770NC Blue,headphones,Myntra,2025-11-01,10220
jbl-tune-770nc-blue,JBL Tune 770NC Blue,headphones,Myntra,2025-12-01,10560
jbl-tune-770nc-blue,JBL Tune 770NC Blue,headphones,Myntra,2026-01-01,10300
jbl-tune-770nc-blue,JBL Tune 770NC Blue,headphones,Myntra,2026-02-01,10260
jbl-tune-770nc-blue,JBL Tune 770NC Blue,headphones,Myntra,2026-03-01,10150
jbl-tune-770nc-blue,JBL Tune 770NC Blue,headphones,Myntra,2026-04-01,10120
jbl-tune-770nc-blue,JBL Tune 770NC Blue,headphones,Croma,2025-05-01,10060
jbl-tune-770nc-blue,JBL Tune 770NC Blue,headphones,Croma,2025-06-01,9770
jbl-tune-770nc-blue,JBL Tune 770NC Blue,headphones,Croma,2025-07-01,9740
jbl-tune-770nc-blue,JBL Tune 770NC Blue,headphones,Croma,2025-08-01,9590
jbl-tune-770nc-blue,JBL Tune 770NC Blue,headphones,Croma,2025-09-01,9420
jbl-tune-770nc-blue,JBL Tune 770NC Blue,headphones,Croma,2025-10-01,8800
jbl-tune-770nc-blue,JBL Tune 770NC Blue,headphones,Croma,2025-11-01,8880
jbl-tune-770nc-blue,JBL Tune 770NC Blue,headphones,Croma,2025-12-01,9180
jbl-tune-770nc-blue,JBL Tune 770NC Blue,headphones,Croma,2026-01-01,8950
jbl-tune-770nc-blue,JBL Tune 770NC Blue,headphones,Croma,2026-02-01,8750
jbl-tune-770nc-blue,JBL Tune 770NC Blue,headphones,Croma,2026-03-01,8690
jbl-tune-770nc-blue,JBL Tune 770NC Blue,headphones,Croma,2026-04-01,8590
boat-airdopes-141-black,boAt Airdopes 141 Black,headphones,Amazon,2025-05-01,2040
boat-airdopes-141-black,boAt Airdopes 141 Black,headphones,Amazon,2025-06-01,2020
boat-airdopes-141-black,boAt Airdopes 141 Black,headphones,Amazon,2025-07-01,2040
boat-airdopes-141-black,boAt Airdopes 141 Black,headphones,Amazon,2025-08-01,2030
boat-airdopes-141-black,boAt Airdopes 141 Black,headphones,Amazon,2025-09-01,2010
boat-airdopes-141-black,boAt Airdopes 141 Black,headphones,Amazon,2025-10-01,1970
boat-airdopes-141-black,boAt Airdopes 141 Black,headphones,Amazon,2025-11-01,1890
boat-airdopes-141-black,boAt Airdopes 141 Black,headphones,Amazon,2025-12-01,1980
boat-airdopes-141-black,boAt Airdopes 141 Black,headphones,Amazon,2026-01-01,1960
boat-airdopes-141-black,boAt Airdopes 141 Black,headphones,Amazon,2026-02-01,1910
boat-airdopes-141-black,boAt Airdopes 141 Black,headphones,Amazon,2026-03-01,1900
boat-airdopes-141-black,boAt Airdopes 141 Black,headphones,Amazon,2026-04-01,1900
boat-airdopes-141-black,boAt Airdopes 141 Black,headphones,Flipkart,2025-05-01,1630
boat-airdopes-141-black,boAt Airdopes 141 Black,headphones,Flipkart,2025-06-01,1620
boat-airdopes-141-black,boAt Airdopes 141 Black,headphones,Flipkart,2025-07-01,1610
boat-airdopes-141-black,boAt Airdopes 141 Black,headphones,Flipkart,2025-08-01,1570
boat-airdopes-141-black,boAt Airdopes 141 Black,headphones,Flipkart,2025-09-01,1550
boat-airdopes-141-black,boAt Airdopes 141 Black,headphones,Flipkart,2025-10-01,1490
boat-airdopes-141-black,boAt Airdopes 141 Black,headphones,Flipkart,2025-11-01,1450
boat-airdopes-141-black,boAt Airdopes 141 Black,headphones,Flipkart,2025-12-01,1570
boat-airdopes-141-black,boAt Airdopes 141 Black,headphones,Flipkart,2026-01-01,1550
boat-airdopes-141-black,boAt Airdopes 141 Black,headphones,Flipkart,2026-02-01,1500
boat-airdopes-141-black,boAt Airdopes 141 Black,headphones,Flipkart,2026-03-01,1500
boat-airdopes-141-black,boAt Airdopes 141 Black,headphones,Flipkart,2026-04-01,1480
boat-airdopes-141-black,boAt Airdopes 141 Black,headphones,Myntra,2025-05-01,1940
boat-airdopes-141-black,boAt Airdopes 141 Black,headphones,Myntra,2025-06-01,1950
boat-airdopes-141-black,boAt Airdopes 141 Black,headphones,Myntra,2025-07-01,1910
boat-airdopes-141-black,boAt Airdopes 141 Black,headphones,Myntra,2025-08-01,1900
boat-airdopes-141-black,boAt Airdopes 141 Black,headphones,Myntra,2025-09-01,1880
boat-airdopes-141-black,boAt Airdopes 141 Black,headphones,Myntra,2025-10-01,1810
boat-airdopes-141-black,boAt Airdopes 141 Black,headphones,Myntra,2025-11-01,1790
boat-airdopes-141-black,boAt Airdopes 141 Black,headphones,Myntra,2025-12-01,1840
boat-airdopes-141-black,boAt Airdopes 141 Black,headphones,Myntra,2026-01-01,1790
boat-airdopes-141-black,boAt Airdopes 141 Black,headphones,Myntra,2026-02-01,1770
boat-airdopes-141-black,boAt Airdopes 141 Black,headphones,Myntra,2026-03-01,1760
boat-airdopes-141-black,boAt Airdopes 141 Black,headphones,Myntra,2026-04-01,1720
boat-airdopes-141-black,boAt Airdopes 141 Black,headphones,Croma,2025-05-01,1510
boat-airdopes-141-black,boAt Airdopes 141 Black,headphones,Croma,2025-06-01,1480
boat-airdopes-141-black,boAt Airdopes 141 Black,headphones,Croma,2025-07-01,1490
boat-airdopes-141-black,boAt Airdopes 141 Black,headphones,Croma,2025-08-01,1470
boat-airdopes-141-black,boAt Airdopes 141 Black,headphones,Croma,2025-09-01,1450
boat-airdopes-141-black,boAt Airdopes 141 Black,headphones,Croma,2025-10-01,1370
boat-airdopes-141-black,boAt Airdopes 141 Black,headphones,Croma,2025-11-01,1310
boat-airdopes-141-black,boAt Airdopes 141 Black,headphones,Croma,2025-12-01,1390
boat-airdopes-141-black,boAt Airdopes 141 Black,headphones,Croma,2026-01-01,1390
boat-airdopes-141-black,boAt Airdopes 141 Black,headphones,Croma,2026-02-01,1370
boat-airdopes-141-black,boAt Airdopes 141 Black,headphones,Croma,2026-03-01,1340
boat-airdopes-141-black,boAt Airdopes 141 Black,headphones,Croma,2026-04-01,1310
oneplus-buds-3-splendid-blue,OnePlus Buds 3 Splendid Blue,headphones,Amazon,2025-05-01,6120
oneplus-buds-3-splendid-blue,OnePlus Buds 3 Splendid Blue,headphones,Amazon,2025-06-01,6100
oneplus-buds-3-splendid-blue,OnePlus Buds 3 Splendid Blue,headphones,Amazon,2025-07-01,6020
oneplus-buds-3-splendid-blue,OnePlus Buds 3 Splendid Blue,headphones,Amazon,2025-08-01,5880
oneplus-buds-3-splendid-blue,OnePlus Buds 3 Splendid Blue,headphones,Amazon,2025-09-01,5820
oneplus-buds-3-splendid-blue,OnePlus Buds 3 Splendid Blue,headphones,Amazon,2025-10-01,5570
oneplus-buds-3-splendid-blue,OnePlus Buds 3 Splendid Blue,headphones,Amazon,2025-11-01,5490
oneplus-buds-3-splendid-blue,OnePlus Buds 3 Splendid Blue,headphones,Amazon,2025-12-01,5630
oneplus-buds-3-splendid-blue,OnePlus Buds 3 Splendid Blue,headphones,Amazon,2026-01-01,5600
oneplus-buds-3-splendid-blue,OnePlus Buds 3 Splendid Blue,headphones,Amazon,2026-02-01,5480
oneplus-buds-3-splendid-blue,OnePlus Buds 3 Splendid Blue,headphones,Amazon,2026-03-01,5400
oneplus-buds-3-splendid-blue,OnePlus Buds 3 Splendid Blue,headphones,Amazon,2026-04-01,5300
oneplus-buds-3-splendid-blue,OnePlus Buds 3 Splendid Blue,headphones,Flipkart,2025-05-01,6770
oneplus-buds-3-splendid-blue,OnePlus Buds 3 Splendid Blue,headphones,Flipkart,2025-06-01,6620
oneplus-buds-3-splendid-blue,OnePlus Buds 3 Splendid Blue,headphones,Flipkart,2025-07-01,6550
oneplus-buds-3-splendid-blue,OnePlus Buds 3 Splendid Blue,headphones,Flipkart,2025-08-01,6480
oneplus-buds-3-splendid-blue,OnePlus Buds 3 Splendid Blue,headphones,Flipkart,2025-09-01,6340
oneplus-buds-3-splendid-blue,OnePlus Buds 3 Splendid Blue,headphones,Flipkart,2025-10-01,6010
oneplus-buds-3-splendid-blue,OnePlus Buds 3 Splendid Blue,headphones,Flipkart,2025-11-01,5990
oneplus-buds-3-splendid-blue,OnePlus Buds 3 Splendid Blue,headphones,Flipkart,2025-12-01,6290
oneplus-buds-3-splendid-blue,OnePlus Buds 3 Splendid Blue,headphones,Flipkart,2026-01-01,6080
oneplus-buds-3-splendid-blue,OnePlus Buds 3 Splendid Blue,headphones,Flipkart,2026-02-01,5930
oneplus-buds-3-splendid-blue,OnePlus Buds 3 Splendid Blue,headphones,Flipkart,2026-03-01,5870
oneplus-buds-3-splendid-blue,OnePlus Buds 3 Splendid Blue,headphones,Flipkart,2026-04-01,5820
oneplus-buds-3-splendid-blue,OnePlus Buds 3 Splendid Blue,headphones,Myntra,2025-05-01,6610
oneplus-buds-3-splendid-blue,OnePlus Buds 3 Splendid Blue,headphones,Myntra,2025-06-01,6610
oneplus-buds-3-splendid-blue,OnePlus Buds 3 Splendid Blue,headphones,Myntra,2025-07-01,6550
oneplus-buds-3-splendid-blue,OnePlus Buds 3 Splendid Blue,headphones,Myntra,2025-08-01,6520
oneplus-buds-3-splendid-blue,OnePlus Buds 3 Splendid Blue,headphones,Myntra,2025-09-01,6350
oneplus-buds-3-splendid-blue,OnePlus Buds 3 Splendid Blue,headphones,Myntra,2025-10-01,6270
oneplus-buds-3-splendid-blue,OnePlus Buds 3 Splendid Blue,headphones,Myntra,2025-11-01,5980
oneplus-buds-3-splendid-blue,OnePlus Buds 3 Splendid Blue,headphones,Myntra,2025-12-01,6250
oneplus-buds-3-splendid-blue,OnePlus Buds 3 Splendid Blue,headphones,Myntra,2026-01-01,6160
oneplus-buds-3-splendid-blue,OnePlus Buds 3 Splendid Blue,headphones,Myntra,2026-02-01,6030
oneplus-buds-3-splendid-blue,OnePlus Buds 3 Splendid Blue,headphones,Myntra,2026-03-01,5930
oneplus-buds-3-splendid-blue,OnePlus Buds 3 Splendid Blue,headphones,Myntra,2026-04-01,5940
oneplus-buds-3-splendid-blue,OnePlus Buds 3 Splendid Blue,headphones,Croma,2025-05-01,6300
oneplus-buds-3-splendid-blue,OnePlus Buds 3 Splendid Blue,headphones,Croma,2025-06-01,6260
oneplus-buds-3-splendid-blue,OnePlus Buds 3 Splendid Blue,headphones,Croma,2025-07-01,6200
oneplus-buds-3-splendid-blue,OnePlus Buds 3 Splendid Blue,headphones,Croma,2025-08-01,6100
oneplus-buds-3-splendid-blue,OnePlus Buds 3 Splendid Blue,headphones,Croma,2025-09-01,6000
oneplus-buds-3-splendid-blue,OnePlus Buds 3 Splendid Blue,headphones,Croma,2025-10-01,5620
oneplus-buds-3-splendid-blue,OnePlus Buds 3 Splendid Blue,headphones,Croma,2025-11-01,5700
oneplus-buds-3-splendid-blue,OnePlus Buds 3 Splendid Blue,headphones,Croma,2025-12-01,5890
oneplus-buds-3-splendid-blue,OnePlus Buds 3 Splendid Blue,headphones,Croma,2026-01-01,5920
oneplus-buds-3-splendid-blue,OnePlus Buds 3 Splendid Blue,headphones,Croma,2026-02-01,5660
oneplus-buds-3-splendid-blue,OnePlus Buds 3 Splendid Blue,headphones,Croma,2026-03-01,5700
oneplus-buds-3-splendid-blue,OnePlus Buds 3 Splendid Blue,headphones,Croma,2026-04-01,5550
apple-watch-se-gps-44mm,Apple Watch SE GPS 44mm,electronics,Amazon,2025-05-01,35510
apple-watch-se-gps-44mm,Apple Watch SE GPS 44mm,electronics,Amazon,2025-06-01,35100
apple-watch-se-gps-44mm,Apple Watch SE GPS 44mm,electronics,Amazon,2025-07-01,34510
apple-watch-se-gps-44mm,Apple Watch SE GPS 44mm,electronics,Amazon,2025-08-01,33540
apple-watch-se-gps-44mm,Apple Watch SE GPS 44mm,electronics,Amazon,2025-09-01,33590
apple-watch-se-gps-44mm,Apple Watch SE GPS 44mm,electronics,Amazon,2025-10-01,31700
apple-watch-se-gps-44mm,Apple Watch SE GPS 44mm,electronics,Amazon,2025-11-01,31700
apple-watch-se-gps-44mm,Apple Watch SE GPS 44mm,electronics,Amazon,2025-12-01,32550
apple-watch-se-gps-44mm,Apple Watch SE GPS 44mm,electronics,Amazon,2026-01-01,31270
apple-watch-se-gps-44mm,Apple Watch SE GPS 44mm,electronics,Amazon,2026-02-01,31060
apple-watch-se-gps-44mm,Apple Watch SE GPS 44mm,electronics,Amazon,2026-03-01,30060
apple-watch-se-gps-44mm,Apple Watch SE GPS 44mm,electronics,Amazon,2026-04-01,30000
apple-watch-se-gps-44mm,Apple Watch SE GPS 44mm,electronics,Flipkart,2025-05-01,34650
apple-watch-se-gps-44mm,Apple Watch SE GPS 44mm,electronics,Flipkart,2025-06-01,34200
apple-watch-se-gps-44mm,Apple Watch SE GPS 44mm,electronics,Flipkart,2025-07-01,33490
apple-watch-se-gps-44mm,Apple Watch SE GPS 44mm,electronics,Flipkart,2025-08-01,33490
apple-watch-se-gps-44mm,Apple Watch SE GPS 44mm,electronics,Flipkart,2025-09-01,33050
apple-watch-se-gps-44mm,Apple Watch SE GPS 44mm,electronics,Flipkart,2025-10-01,31150
apple-watch-se-gps-44mm,Apple Watch SE GPS 44mm,electronics,Flipkart,2025-11-01,30440
apple-watch-se-gps-44mm,Apple Watch SE GPS 44mm,electronics,Flipkart,2025-12-01,32100
apple-watch-se-gps-44mm,Apple Watch SE GPS 44mm,electronics,Flipkart,2026-01-01,31020
apple-watch-se-gps-44mm,Apple Watch SE GPS 44mm,electronics,Flipkart,2026-02-01,30430
apple-watch-se-gps-44mm,Apple Watch SE GPS 44mm,electronics,Flipkart,2026-03-01,29850
apple-watch-se-gps-44mm,Apple Watch SE GPS 44mm,electronics,Flipkart,2026-04-01,29050
apple-watch-se-gps-44mm,Apple Watch SE GPS 44mm,electronics,Myntra,2025-05-01,36320
apple-watch-se-gps-44mm,Apple Watch SE GPS 44mm,electronics,Myntra,2025-06-01,35380
apple-watch-se-gps-44mm,Apple Watch SE GPS 44mm,electronics,Myntra,2025-07-01,35220
apple-watch-se-gps-44mm,Apple Watch SE GPS 44mm,electronics,Myntra,2025-08-01,33980
apple-watch-se-gps-44mm,Apple Watch SE GPS 44mm,electronics,Myntra,2025-09-01,33910
apple-watch-se-gps-44mm,Apple Watch SE GPS 44mm,electronics,Myntra,2025-10-01,32350
apple-watch-se-gps-44mm,Apple Watch SE GPS 44mm,electronics,Myntra,2025-11-01,31470
apple-watch-se-gps-44mm,Apple Watch SE GPS 44mm,electronics,Myntra,2025-12-01,33180
apple-watch-se-gps-44mm,Apple Watch SE GPS 44mm,electronics,Myntra,2026-01-01,31680
apple-watch-se-gps-44mm,Apple Watch SE GPS 44mm,electronics,Myntra,2026-02-01,30750
apple-watch-se-gps-44mm,Apple Watch SE GPS 44mm,electronics,Myntra,2026-03-01,30990
apple-watch-se-gps-44mm,Apple Watch SE GPS 44mm,electronics,Myntra,2026-04-01,30100
apple-watch-se-gps-44mm,Apple Watch SE GPS 44mm,electronics,Croma,2025-05-01,35520
apple-watch-se-gps-44mm,Apple Watch SE GPS 44mm,electronics,Croma,2025-06-01,35100
apple-watch-se-gps-44mm,Apple Watch SE GPS 44mm,electronics,Croma,2025-07-01,34330
apple-watch-se-gps-44mm,Apple Watch SE GPS 44mm,electronics,Croma,2025-08-01,34530
apple-watch-se-gps-44mm,Apple Watch SE GPS 44mm,electronics,Croma,2025-09-01,33430
apple-watch-se-gps-44mm,Apple Watch SE GPS 44mm,electronics,Croma,2025-10-01,31530
apple-watch-se-gps-44mm,Apple Watch SE GPS 44mm,electronics,Croma,2025-11-01,30570
apple-watch-se-gps-44mm,Apple Watch SE GPS 44mm,electronics,Croma,2025-12-01,32550
apple-watch-se-gps-44mm,Apple Watch SE GPS 44mm,electronics,Croma,2026-01-01,32400
apple-watch-se-gps-44mm,Apple Watch SE GPS 44mm,electronics,Croma,2026-02-01,30920
apple-watch-se-gps-44mm,Apple Watch SE GPS 44mm,electronics,Croma,2026-03-01,30690
apple-watch-se-gps-44mm,Apple Watch SE GPS 44mm,electronics,Croma,2026-04-01,29950
samsung-galaxy-watch-6-44mm,Samsung Galaxy Watch 6 44mm,electronics,Amazon,2025-05-01,31150
samsung-galaxy-watch-6-44mm,Samsung Galaxy Watch 6 44mm,electronics,Amazon,2025-06-01,30070
samsung-galaxy-watch-6-44mm,Samsung Galaxy Watch 6 44mm,electronics,Amazon,2025-07-01,30010
samsung-galaxy-watch-6-44mm,Samsung Galaxy Watch 6 44mm,electronics,Amazon,2025-08-01,29740
samsung-galaxy-watch-6-44mm,Samsung Galaxy Watch 6 44mm,electronics,Amazon,2025-09-01,29810
samsung-galaxy-watch-6-44mm,Samsung Galaxy Watch 6 44mm,electronics,Amazon,2025-10-01,27320
samsung-galaxy-watch-6-44mm,Samsung Galaxy Watch 6 44mm,electronics,Amazon,2025-11-01,27530
samsung-galaxy-watch-6-44mm,Samsung Galaxy Watch 6 44mm,electronics,Amazon,2025-12-01,28860
samsung-galaxy-watch-6-44mm,Samsung Galaxy Watch 6 44mm,electronics,Amazon,2026-01-01,28150
samsung-galaxy-watch-6-44mm,Samsung Galaxy Watch 6 44mm,electronics,Amazon,2026-02-01,27460
samsung-galaxy-watch-6-44mm,Samsung Galaxy Watch 6 44mm,electronics,Amazon,2026-03-01,27720
samsung-galaxy-watch-6-44mm,Samsung Galaxy Watch 6 44mm,electronics,Amazon,2026-04-01,27100
samsung-galaxy-watch-6-44mm,Samsung Galaxy Watch 6 44mm,electronics,Flipkart,2025-05-01,31590
samsung-galaxy-watch-6-44mm,Samsung Galaxy Watch 6 44mm,electronics,Flipkart,2025-06-01,31060
samsung-galaxy-watch-6-44mm,Samsung Galaxy Watch 6 44mm,electronics,Flipkart,2025-07-01,30980
samsung-galaxy-watch-6-44mm,Samsung Galaxy Watch 6 44mm,electronics,Flipkart,2025-08-01,30140
samsung-galaxy-watch-6-44mm,Samsung Galaxy Watch 6 44mm,electronics,Flipkart,2025-09-01,30270
samsung-galaxy-watch-6-44mm,Samsung Galaxy Watch 6 44mm,electronics,Flipkart,2025-10-01,28620
samsung-galaxy-watch-6-44mm,Samsung Galaxy Watch 6 44mm,electronics,Flipkart,2025-11-01,27560
samsung-galaxy-watch-6-44mm,Samsung Galaxy Watch 6 44mm,electronics,Flipkart,2025-12-01,29260
samsung-galaxy-watch-6-44mm,Samsung Galaxy Watch 6 44mm,electronics,Flipkart,2026-01-01,28730
samsung-galaxy-watch-6-44mm,Samsung Galaxy Watch 6 44mm,electronics,Flipkart,2026-02-01,27580
samsung-galaxy-watch-6-44mm,Samsung Galaxy Watch 6 44mm,electronics,Flipkart,2026-03-01,27130
samsung-galaxy-watch-6-44mm,Samsung Galaxy Watch 6 44mm,electronics,Flipkart,2026-04-01,26990
samsung-galaxy-watch-6-44mm,Samsung Galaxy Watch 6 44mm,electronics,Myntra,2025-05-01,30090
samsung-galaxy-watch-6-44mm,Samsung Galaxy Watch 6 44mm,electronics,Myntra,2025-06-01,29420
samsung-galaxy-watch-6-44mm,Samsung Galaxy Watch 6 44mm,electronics,Myntra,2025-07-01,29260
samsung-galaxy-watch-6-44mm,Samsung Galaxy Watch 6 44mm,electronics,Myntra,2025-08-01,28910
samsung-galaxy-watch-6-44mm,Samsung Galaxy Watch 6 44mm,electronics,Myntra,2025-09-01,28580
samsung-galaxy-watch-6-44mm,Samsung Galaxy Watch 6 44mm,electronics,Myntra,2025-10-01,27390
samsung-galaxy-watch-6-44mm,Samsung Galaxy Watch 6 44mm,electronics,Myntra,2025-11-01,27120
samsung-galaxy-watch-6-44mm,Samsung Galaxy Watch 6 44mm,electronics,Myntra,2025-12-01,28720
samsung-galaxy-watch-6-44mm,Samsung Galaxy Watch 6 44mm,electronics,Myntra,2026-01-01,28210
samsung-galaxy-watch-6-44mm,Samsung Galaxy Watch 6 44mm,electronics,Myntra,2026-02-01,28160
samsung-galaxy-watch-6-44mm,Samsung Galaxy Watch 6 44mm,electronics,Myntra,2026-03-01,27200
samsung-galaxy-watch-6-44mm,Samsung Galaxy Watch 6 44mm,electronics,Myntra,2026-04-01,27340
samsung-galaxy-watch-6-44mm,Samsung Galaxy Watch 6 44mm,electronics,Croma,2025-05-01,29770
samsung-galaxy-watch-6-44mm,Samsung Galaxy Watch 6 44mm,electronics,Croma,2025-06-01,29460
samsung-galaxy-watch-6-44mm,Samsung Galaxy Watch 6 44mm,electronics,Croma,2025-07-01,29450
samsung-galaxy-watch-6-44mm,Samsung Galaxy Watch 6 44mm,electronics,Croma,2025-08-01,29050
samsung-galaxy-watch-6-44mm,Samsung Galaxy Watch 6 44mm,electronics,Croma,2025-09-01,29150
samsung-galaxy-watch-6-44mm,Samsung Galaxy Watch 6 44mm,electronics,Croma,2025-10-01,27620
samsung-galaxy-watch-6-44mm,Samsung Galaxy Watch 6 44mm,electronics,Croma,2025-11-01,26790
samsung-galaxy-watch-6-44mm,Samsung Galaxy Watch 6 44mm,electronics,Croma,2025-12-01,28450
samsung-galaxy-watch-6-44mm,Samsung Galaxy Watch 6 44mm,electronics,Croma,2026-01-01,28070
samsung-galaxy-watch-6-44mm,Samsung Galaxy Watch 6 44mm,electronics,Croma,2026-02-01,28010
samsung-galaxy-watch-6-44mm,Samsung Galaxy Watch 6 44mm,electronics,Croma,2026-03-01,27400
samsung-galaxy-watch-6-44mm,Samsung Galaxy Watch 6 44mm,electronics,Croma,2026-04-01,27130
jbl-flip-6-portable-speaker,JBL Flip 6 Portable Speaker,electronics,Amazon,2025-05-01,11960
jbl-flip-6-portable-speaker,JBL Flip 6 Portable Speaker,electronics,Amazon,2025-06-01,11800
jbl-flip-6-portable-speaker,JBL Flip 6 Portable Speaker,electronics,Amazon,2025-07-01,11500
jbl-flip-6-portable-speaker,JBL Flip 6 Portable Speaker,electronics,Amazon,2025-08-01,11420
jbl-flip-6-portable-speaker,JBL Flip 6 Portable Speaker,electronics,Amazon,2025-09-01,11210
jbl-flip-6-portable-speaker,JBL Flip 6 Portable Speaker,electronics,Amazon,2025-10-01,10790
jbl-flip-6-portable-speaker,JBL Flip 6 Portable Speaker,electronics,Amazon,2025-11-01,10510
jbl-flip-6-portable-speaker,JBL Flip 6 Portable Speaker,electronics,Amazon,2025-12-01,11010
jbl-flip-6-portable-speaker,JBL Flip 6 Portable Speaker,electronics,Amazon,2026-01-01,10700
jbl-flip-6-portable-speaker,JBL Flip 6 Portable Speaker,electronics,Amazon,2026-02-01,10670
jbl-flip-6-portable-speaker,JBL Flip 6 Portable Speaker,electronics,Amazon,2026-03-01,10270
jbl-flip-6-portable-speaker,JBL Flip 6 Portable Speaker,electronics,Amazon,2026-04-01,10250
jbl-flip-6-portable-speaker,JBL Flip 6 Portable Speaker,electronics,Flipkart,2025-05-01,10900
jbl-flip-6-portable-speaker,JBL Flip 6 Portable Speaker,electronics,Flipkart,2025-06-01,10760
jbl-flip-6-portable-speaker,JBL Flip 6 Portable Speaker,electronics,Flipkart,2025-07-01,10550
jbl-flip-6-portable-speaker,JBL Flip 6 Portable Speaker,electronics,Flipkart,2025-08-01,10350
jbl-flip-6-portable-speaker,JBL Flip 6 Portable Speaker,electronics,Flipkart,2025-09-01,10280
jbl-flip-6-portable-speaker,JBL Flip 6 Portable Speaker,electronics,Flipkart,2025-10-01,9790
jbl-flip-6-portable-speaker,JBL Flip 6 Portable Speaker,electronics,Flipkart,2025-11-01,9560
jbl-flip-6-portable-speaker,JBL Flip 6 Portable Speaker,electronics,Flipkart,2025-12-01,10130
jbl-flip-6-portable-speaker,JBL Flip 6 Portable Speaker,electronics,Flipkart,2026-01-01,9890
jbl-flip-6-portable-speaker,JBL Flip 6 Portable Speaker,electronics,Flipkart,2026-02-01,9540
jbl-flip-6-portable-speaker,JBL Flip 6 Portable Speaker,electronics,Flipkart,2026-03-01,9540
jbl-flip-6-portable-speaker,JBL Flip 6 Portable Speaker,electronics,Flipkart,2026-04-01,9350
jbl-flip-6-portable-speaker,JBL Flip 6 Portable Speaker,electronics,Myntra,2025-05-01,11480
jbl-flip-6-portable-speaker,JBL Flip 6 Portable Speaker,electronics,Myntra,2025-06-01,11390
jbl-flip-6-portable-speaker,JBL Flip 6 Portable Speaker,electronics,Myntra,2025-07-01,11240
jbl-flip-6-portable-speaker,JBL Flip 6 Portable Speaker,electronics,Myntra,2025-08-01,11120
jbl-flip-6-portable-speaker,JBL Flip 6 Portable Speaker,electronics,Myntra,2025-09-01,10910
jbl-flip-6-portable-speaker,JBL Flip 6 Portable Speaker,electronics,Myntra,2025-10-01,10260
jbl-flip-6-portable-speaker,JBL Flip 6 Portable Speaker,electronics,Myntra,2025-11-01,10420
jbl-flip-6-portable-speaker,JBL Flip 6 Portable Speaker,electronics,Myntra,2025-12-01,10440
jbl-flip-6-portable-speaker,JBL Flip 6 Portable Speaker,electronics,Myntra,2026-01-01,10320
jbl-flip-6-portable-speaker,JBL Flip 6 Portable Speaker,electronics,Myntra,2026-02-01,9960
jbl-flip-6-portable-speaker,JBL Flip 6 Portable Speaker,electronics,Myntra,2026-03-01,9810
jbl-flip-6-portable-speaker,JBL Flip 6 Portable Speaker,electronics,Myntra,2026-04-01,9700
jbl-flip-6-portable-speaker,JBL Flip 6 Portable Speaker,electronics,Croma,2025-05-01,10810
jbl-flip-6-portable-speaker,JBL Flip 6 Portable Speaker,electronics,Croma,2025-06-01,10530
jbl-flip-6-portable-speaker,JBL Flip 6 Portable Speaker,electronics,Croma,2025-07-01,10650
jbl-flip-6-portable-speaker,JBL Flip 6 Portable Speaker,electronics,Croma,2025-08-01,10400
jbl-flip-6-portable-speaker,JBL Flip 6 Portable Speaker,electronics,Croma,2025-09-01,10360
jbl-flip-6-portable-speaker,JBL Flip 6 Portable Speaker,electronics,Croma,2025-10-01,9910
jbl-flip-6-portable-speaker,JBL Flip 6 Portable Speaker,electronics,Croma,2025-11-01,9780
jbl-flip-6-portable-speaker,JBL Flip 6 Portable Speaker,electronics,Croma,2025-12-01,10100
jbl-flip-6-portable-speaker,JBL Flip 6 Portable Speaker,electronics,Croma,2026-01-01,9950
jbl-flip-6-portable-speaker,JBL Flip 6 Portable Speaker,electronics,Croma,2026-02-01,9930
jbl-flip-6-portable-speaker,JBL Flip 6 Portable Speaker,electronics,Croma,2026-03-01,9850
jbl-flip-6-portable-speaker,JBL Flip 6 Portable Speaker,electronics,Croma,2026-04-01,9700
lenovo-ideapad-slim-5-16gb-512gb,Lenovo IdeaPad Slim 5 16GB 512GB,electronics,Amazon,2025-05-01,73810
lenovo-ideapad-slim-5-16gb-512gb,Lenovo IdeaPad Slim 5 16GB 512GB,electronics,Amazon,2025-06-01,71840
lenovo-ideapad-slim-5-16gb-512gb,Lenovo IdeaPad Slim 5 16GB 512GB,electronics,Amazon,2025-07-01,71740
lenovo-ideapad-slim-5-16gb-512gb,Lenovo IdeaPad Slim 5 16GB 512GB,electronics,Amazon,2025-08-01,70730
lenovo-ideapad-slim-5-16gb-512gb,Lenovo IdeaPad Slim 5 16GB 512GB,electronics,Amazon,2025-09-01,70780
lenovo-ideapad-slim-5-16gb-512gb,Lenovo IdeaPad Slim 5 16GB 512GB,electronics,Amazon,2025-10-01,67480
lenovo-ideapad-slim-5-16gb-512gb,Lenovo IdeaPad Slim 5 16GB 512GB,electronics,Amazon,2025-11-01,67370
lenovo-ideapad-slim-5-16gb-512gb,Lenovo IdeaPad Slim 5 16GB 512GB,electronics,Amazon,2025-12-01,68230
lenovo-ideapad-slim-5-16gb-512gb,Lenovo IdeaPad Slim 5 16GB 512GB,electronics,Amazon,2026-01-01,67610
lenovo-ideapad-slim-5-16gb-512gb,Lenovo IdeaPad Slim 5 16GB 512GB,electronics,Amazon,2026-02-01,66130
lenovo-ideapad-slim-5-16gb-512gb,Lenovo IdeaPad Slim 5 16GB 512GB,electronics,Amazon,2026-03-01,65640
lenovo-ideapad-slim-5-16gb-512gb,Lenovo IdeaPad Slim 5 16GB 512GB,electronics,Amazon,2026-04-01,65400
lenovo-ideapad-slim-5-16gb-512gb,Lenovo IdeaPad Slim 5 16GB 512GB,electronics,Flipkart,2025-05-01,70470
lenovo-ideapad-slim-5-16gb-512gb,Lenovo IdeaPad Slim 5 16GB 512GB,electronics,Flipkart,2025-06-01,69250
lenovo-ideapad-slim-5-16gb-512gb,Lenovo IdeaPad Slim 5 16GB 512GB,electronics,Flipkart,2025-07-01,69270
lenovo-ideapad-slim-5-16gb-512gb,Lenovo IdeaPad Slim 5 16GB 512GB,electronics,Flipkart,2025-08-01,68850
lenovo-ideapad-slim-5-16gb-512gb,Lenovo IdeaPad Slim 5 16GB 512GB,electronics,Flipkart,2025-09-01,67620
lenovo-ideapad-slim-5-16gb-512gb,Lenovo IdeaPad Slim 5 16GB 512GB,electronics,Flipkart,2025-10-01,65410
lenovo-ideapad-slim-5-16gb-512gb,Lenovo IdeaPad Slim 5 16GB 512GB,electronics,Flipkart,2025-11-01,64140
lenovo-ideapad-slim-5-16gb-512gb,Lenovo IdeaPad Slim 5 16GB 512GB,electronics,Flipkart,2025-12-01,66060
lenovo-ideapad-slim-5-16gb-512gb,Lenovo IdeaPad Slim 5 16GB 512GB,electronics,Flipkart,2026-01-01,65960
lenovo-ideapad-slim-5-16gb-512gb,Lenovo IdeaPad Slim 5 16GB 512GB,electronics,Flipkart,2026-02-01,65040
lenovo-ideapad-slim-5-16gb-512gb,Lenovo IdeaPad Slim 5 16GB 512GB,electronics,Flipkart,2026-03-01,63740
lenovo-ideapad-slim-5-16gb-512gb,Lenovo IdeaPad Slim 5 16GB 512GB,electronics,Flipkart,2026-04-01,63520
lenovo-ideapad-slim-5-16gb-512gb,Lenovo IdeaPad Slim 5 16GB 512GB,electronics,Myntra,2025-05-01,73560
lenovo-ideapad-slim-5-16gb-512gb,Lenovo IdeaPad Slim 5 16GB 512GB,electronics,Myntra,2025-06-01,71790
lenovo-ideapad-slim-5-16gb-512gb,Lenovo IdeaPad Slim 5 16GB 512GB,electronics,Myntra,2025-07-01,71860
lenovo-ideapad-slim-5-16gb-512gb,Lenovo IdeaPad Slim 5 16GB 512GB,electronics,Myntra,2025-08-01,71140
lenovo-ideapad-slim-5-16gb-512gb,Lenovo IdeaPad Slim 5 16GB 512GB,electronics,Myntra,2025-09-01,70290
lenovo-ideapad-slim-5-16gb-512gb,Lenovo IdeaPad Slim 5 16GB 512GB,electronics,Myntra,2025-10-01,67470
lenovo-ideapad-slim-5-16gb-512gb,Lenovo IdeaPad Slim 5 16GB 512GB,electronics,Myntra,2025-11-01,66480
lenovo-ideapad-slim-5-16gb-512gb,Lenovo IdeaPad Slim 5 16GB 512GB,electronics,Myntra,2025-12-01,68770
lenovo-ideapad-slim-5-16gb-512gb,Lenovo IdeaPad Slim 5 16GB 512GB,electronics,Myntra,2026-01-01,69710
lenovo-ideapad-slim-5-16gb-512gb,Lenovo IdeaPad Slim 5 16GB 512GB,electronics,Myntra,2026-02-01,67200
lenovo-ideapad-slim-5-16gb-512gb,Lenovo IdeaPad Slim 5 16GB 512GB,electronics,Myntra,2026-03-01,67340
lenovo-ideapad-slim-5-16gb-512gb,Lenovo IdeaPad Slim 5 16GB 512GB,electronics,Myntra,2026-04-01,66300
lenovo-ideapad-slim-5-16gb-512gb,Lenovo IdeaPad Slim 5 16GB 512GB,electronics,Croma,2025-05-01,71720
lenovo-ideapad-slim-5-16gb-512gb,Lenovo IdeaPad Slim 5 16GB 512GB,electronics,Croma,2025-06-01,71360
lenovo-ideapad-slim-5-16gb-512gb,Lenovo IdeaPad Slim 5 16GB 512GB,electronics,Croma,2025-07-01,70480
lenovo-ideapad-slim-5-16gb-512gb,Lenovo IdeaPad Slim 5 16GB 512GB,electronics,Croma,2025-08-01,68880
lenovo-ideapad-slim-5-16gb-512gb,Lenovo IdeaPad Slim 5 16GB 512GB,electronics,Croma,2025-09-01,69370
lenovo-ideapad-slim-5-16gb-512gb,Lenovo IdeaPad Slim 5 16GB 512GB,electronics,Croma,2025-10-01,66080
lenovo-ideapad-slim-5-16gb-512gb,Lenovo IdeaPad Slim 5 16GB 512GB,electronics,Croma,2025-11-01,64120
lenovo-ideapad-slim-5-16gb-512gb,Lenovo IdeaPad Slim 5 16GB 512GB,electronics,Croma,2025-12-01,68180
lenovo-ideapad-slim-5-16gb-512gb,Lenovo IdeaPad Slim 5 16GB 512GB,electronics,Croma,2026-01-01,67350
lenovo-ideapad-slim-5-16gb-512gb,Lenovo IdeaPad Slim 5 16GB 512GB,electronics,Croma,2026-02-01,66200
lenovo-ideapad-slim-5-16gb-512gb,Lenovo IdeaPad Slim 5 16GB 512GB,electronics,Croma,2026-03-01,65070
lenovo-ideapad-slim-5-16gb-512gb,Lenovo IdeaPad Slim 5 16GB 512GB,electronics,Croma,2026-04-01,64150
hp-victus-gaming-laptop-i5-16gb-512gb,HP Victus Gaming Laptop i5 16GB 512GB,electronics,Amazon,2025-05-01,83620
hp-victus-gaming-laptop-i5-16gb-512gb,HP Victus Gaming Laptop i5 16GB 512GB,electronics,Amazon,2025-06-01,81970
hp-victus-gaming-laptop-i5-16gb-512gb,HP Victus Gaming Laptop i5 16GB 512GB,electronics,Amazon,2025-07-01,81780
hp-victus-gaming-laptop-i5-16gb-512gb,HP Victus Gaming Laptop i5 16GB 512GB,electronics,Amazon,2025-08-01,79810
hp-victus-gaming-laptop-i5-16gb-512gb,HP Victus Gaming Laptop i5 16GB 512GB,electronics,Amazon,2025-09-01,79490
hp-victus-gaming-laptop-i5-16gb-512gb,HP Victus Gaming Laptop i5 16GB 512GB,electronics,Amazon,2025-10-01,76760
hp-victus-gaming-laptop-i5-16gb-512gb,HP Victus Gaming Laptop i5 16GB 512GB,electronics,Amazon,2025-11-01,72490
hp-victus-gaming-laptop-i5-16gb-512gb,HP Victus Gaming Laptop i5 16GB 512GB,electronics,Amazon,2025-12-01,77420
hp-victus-gaming-laptop-i5-16gb-512gb,HP Victus Gaming Laptop i5 16GB 512GB,electronics,Amazon,2026-01-01,77620
hp-victus-gaming-laptop-i5-16gb-512gb,HP Victus Gaming Laptop i5 16GB 512GB,electronics,Amazon,2026-02-01,75100
hp-victus-gaming-laptop-i5-16gb-512gb,HP Victus Gaming Laptop i5 16GB 512GB,electronics,Amazon,2026-03-01,72540
hp-victus-gaming-laptop-i5-16gb-512gb,HP Victus Gaming Laptop i5 16GB 512GB,electronics,Amazon,2026-04-01,72500
hp-victus-gaming-laptop-i5-16gb-512gb,HP Victus Gaming Laptop i5 16GB 512GB,electronics,Flipkart,2025-05-01,81900
hp-victus-gaming-laptop-i5-16gb-512gb,HP Victus Gaming Laptop i5 16GB 512GB,electronics,Flipkart,2025-06-01,80750
hp-victus-gaming-laptop-i5-16gb-512gb,HP Victus Gaming Laptop i5 16GB 512GB,electronics,Flipkart,2025-07-01,79880
hp-victus-gaming-laptop-i5-16gb-512gb,HP Victus Gaming Laptop i5 16GB 512GB,electronics,Flipkart,2025-08-01,80670
hp-victus-gaming-laptop-i5-16gb-512gb,HP Victus Gaming Laptop i5 16GB 512GB,electronics,Flipkart,2025-09-01,78500
hp-victus-gaming-laptop-i5-16gb-512gb,HP Victus Gaming Laptop i5 16GB 512GB,electronics,Flipkart,2025-10-01,74350
hp-victus-gaming-laptop-i5-16gb-512gb,HP Victus Gaming Laptop i5 16GB 512GB,electronics,Flipkart,2025-11-01,74410
hp-victus-gaming-laptop-i5-16gb-512gb,HP Victus Gaming Laptop i5 16GB 512GB,electronics,Flipkart,2025-12-01,76680
hp-victus-gaming-laptop-i5-16gb-512gb,HP Victus Gaming Laptop i5 16GB 512GB,electronics,Flipkart,2026-01-01,75210
hp-victus-gaming-laptop-i5-16gb-512gb,HP Victus Gaming Laptop i5 16GB 512GB,electronics,Flipkart,2026-02-01,73780
hp-victus-gaming-laptop-i5-16gb-512gb,HP Victus Gaming Laptop i5 16GB 512GB,electronics,Flipkart,2026-03-01,72630
hp-victus-gaming-laptop-i5-16gb-512gb,HP Victus Gaming Laptop i5 16GB 512GB,electronics,Flipkart,2026-04-01,72150
hp-victus-gaming-laptop-i5-16gb-512gb,HP Victus Gaming Laptop i5 16GB 512GB,electronics,Myntra,2025-05-01,80790
hp-victus-gaming-laptop-i5-16gb-512gb,HP Victus Gaming Laptop i5 16GB 512GB,electronics,Myntra,2025-06-01,81420
hp-victus-gaming-laptop-i5-16gb-512gb,HP Victus Gaming Laptop i5 16GB 512GB,electronics,Myntra,2025-07-01,79890
hp-victus-gaming-laptop-i5-16gb-512gb,HP Victus Gaming Laptop i5 16GB 512GB,electronics,Myntra,2025-08-01,80200
hp-victus-gaming-laptop-i5-16gb-512gb,HP Victus Gaming Laptop i5 16GB 512GB,electronics,Myntra,2025-09-01,79400
hp-victus-gaming-laptop-i5-16gb-512gb,HP Victus Gaming Laptop i5 16GB 512GB,electronics,Myntra,2025-10-01,75110
hp-victus-gaming-laptop-i5-16gb-512gb,HP Victus Gaming Laptop i5 16GB 512GB,electronics,Myntra,2025-11-01,75490
hp-victus-gaming-laptop-i5-16gb-512gb,HP Victus Gaming Laptop i5 16GB 512GB,electronics,Myntra,2025-12-01,77280
hp-victus-gaming-laptop-i5-16gb-512gb,HP Victus Gaming Laptop i5 16GB 512GB,electronics,Myntra,2026-01-01,78290
hp-victus-gaming-laptop-i5-16gb-512gb,HP Victus Gaming Laptop i5 16GB 512GB,electronics,Myntra,2026-02-01,75540
hp-victus-gaming-laptop-i5-16gb-512gb,HP Victus Gaming Laptop i5 16GB 512GB,electronics,Myntra,2026-03-01,75320
hp-victus-gaming-laptop-i5-16gb-512gb,HP Victus Gaming Laptop i5 16GB 512GB,electronics,Myntra,2026-04-01,74460
hp-victus-gaming-laptop-i5-16gb-512gb,HP Victus Gaming Laptop i5 16GB 512GB,electronics,Croma,2025-05-01,85060
hp-victus-gaming-laptop-i5-16gb-512gb,HP Victus Gaming Laptop i5 16GB 512GB,electronics,Croma,2025-06-01,83770
hp-victus-gaming-laptop-i5-16gb-512gb,HP Victus Gaming Laptop i5 16GB 512GB,electronics,Croma,2025-07-01,82550
hp-victus-gaming-laptop-i5-16gb-512gb,HP Victus Gaming Laptop i5 16GB 512GB,electronics,Croma,2025-08-01,81110
hp-victus-gaming-laptop-i5-16gb-512gb,HP Victus Gaming Laptop i5 16GB 512GB,electronics,Croma,2025-09-01,80270
hp-victus-gaming-laptop-i5-16gb-512gb,HP Victus Gaming Laptop i5 16GB 512GB,electronics,Croma,2025-10-01,75860
hp-victus-gaming-laptop-i5-16gb-512gb,HP Victus Gaming Laptop i5 16GB 512GB,electronics,Croma,2025-11-01,74540
hp-victus-gaming-laptop-i5-16gb-512gb,HP Victus Gaming Laptop i5 16GB 512GB,electronics,Croma,2025-12-01,78240
hp-victus-gaming-laptop-i5-16gb-512gb,HP Victus Gaming Laptop i5 16GB 512GB,electronics,Croma,2026-01-01,75860
hp-victus-gaming-laptop-i5-16gb-512gb,HP Victus Gaming Laptop i5 16GB 512GB,electronics,Croma,2026-02-01,73670
hp-victus-gaming-laptop-i5-16gb-512gb,HP Victus Gaming Laptop i5 16GB 512GB,electronics,Croma,2026-03-01,72440
hp-victus-gaming-laptop-i5-16gb-512gb,HP Victus Gaming Laptop i5 16GB 512GB,electronics,Croma,2026-04-01,72270
nike-club-men-hoodie-black,Nike Club Men Hoodie Black,clothes,Amazon,2025-05-01,3610
nike-club-men-hoodie-black,Nike Club Men Hoodie Black,clothes,Amazon,2025-06-01,3580
nike-club-men-hoodie-black,Nike Club Men Hoodie Black,clothes,Amazon,2025-07-01,3250
nike-club-men-hoodie-black,Nike Club Men Hoodie Black,clothes,Amazon,2025-08-01,3470
nike-club-men-hoodie-black,Nike Club Men Hoodie Black,clothes,Amazon,2025-09-01,3390
nike-club-men-hoodie-black,Nike Club Men Hoodie Black,clothes,Amazon,2025-10-01,3200
nike-club-men-hoodie-black,Nike Club Men Hoodie Black,clothes,Amazon,2025-11-01,3080
nike-club-men-hoodie-black,Nike Club Men Hoodie Black,clothes,Amazon,2025-12-01,3270
nike-club-men-hoodie-black,Nike Club Men Hoodie Black,clothes,Amazon,2026-01-01,3210
nike-club-men-hoodie-black,Nike Club Men Hoodie Black,clothes,Amazon,2026-02-01,3110
nike-club-men-hoodie-black,Nike Club Men Hoodie Black,clothes,Amazon,2026-03-01,2910
nike-club-men-hoodie-black,Nike Club Men Hoodie Black,clothes,Amazon,2026-04-01,3000
nike-club-men-hoodie-black,Nike Club Men Hoodie Black,clothes,Flipkart,2025-05-01,4210
nike-club-men-hoodie-black,Nike Club Men Hoodie Black,clothes,Flipkart,2025-06-01,4170
nike-club-men-hoodie-black,Nike Club Men Hoodie Black,clothes,Flipkart,2025-07-01,3850
nike-club-men-hoodie-black,Nike Club Men Hoodie Black,clothes,Flipkart,2025-08-01,4020
nike-club-men-hoodie-black,Nike Club Men Hoodie Black,clothes,Flipkart,2025-09-01,4000
nike-club-men-hoodie-black,Nike Club Men Hoodie Black,clothes,Flipkart,2025-10-01,3780
nike-club-men-hoodie-black,Nike Club Men Hoodie Black,clothes,Flipkart,2025-11-01,3690
nike-club-men-hoodie-black,Nike Club Men Hoodie Black,clothes,Flipkart,2025-12-01,3910
nike-club-men-hoodie-black,Nike Club Men Hoodie Black,clothes,Flipkart,2026-01-01,3900
nike-club-men-hoodie-black,Nike Club Men Hoodie Black,clothes,Flipkart,2026-02-01,3740
nike-club-men-hoodie-black,Nike Club Men Hoodie Black,clothes,Flipkart,2026-03-01,3520
nike-club-men-hoodie-black,Nike Club Men Hoodie Black,clothes,Flipkart,2026-04-01,3700
nike-club-men-hoodie-black,Nike Club Men Hoodie Black,clothes,Myntra,2025-05-01,3690
nike-club-men-hoodie-black,Nike Club Men Hoodie Black,clothes,Myntra,2025-06-01,3720
nike-club-men-hoodie-black,Nike Club Men Hoodie Black,clothes,Myntra,2025-07-01,3400
nike-club-men-hoodie-black,Nike Club Men Hoodie Black,clothes,Myntra,2025-08-01,3600
nike-club-men-hoodie-black,Nike Club Men Hoodie Black,clothes,Myntra,2025-09-01,3490
nike-club-men-hoodie-black,Nike Club Men Hoodie Black,clothes,Myntra,2025-10-01,3300
nike-club-men-hoodie-black,Nike Club Men Hoodie Black,clothes,Myntra,2025-11-01,3210
nike-club-men-hoodie-black,Nike Club Men Hoodie Black,clothes,Myntra,2025-12-01,3330
nike-club-men-hoodie-black,Nike Club Men Hoodie Black,clothes,Myntra,2026-01-01,3310
nike-club-men-hoodie-black,Nike Club Men Hoodie Black,clothes,Myntra,2026-02-01,3190
nike-club-men-hoodie-black,Nike Club Men Hoodie Black,clothes,Myntra,2026-03-01,2940
nike-club-men-hoodie-black,Nike Club Men Hoodie Black,clothes,Myntra,2026-04-01,3090
nike-club-men-hoodie-black,Nike Club Men Hoodie Black,clothes,Croma,2025-05-01,4490
nike-club-men-hoodie-black,Nike Club Men Hoodie Black,clothes,Croma,2025-06-01,4450
nike-club-men-hoodie-black,Nike Club Men Hoodie Black,clothes,Croma,2025-07-01,4310
nike-club-men-hoodie-black,Nike Club Men Hoodie Black,clothes,Croma,2025-08-01,4410
nike-club-men-hoodie-black,Nike Club Men Hoodie Black,clothes,Croma,2025-09-01,4390
nike-club-men-hoodie-black,Nike Club Men Hoodie Black,clothes,Croma,2025-10-01,4130
nike-club-men-hoodie-black,Nike Club Men Hoodie Black,clothes,Croma,2025-11-01,4140
nike-club-men-hoodie-black,Nike Club Men Hoodie Black,clothes,Croma,2025-12-01,4240
nike-club-men-hoodie-black,Nike Club Men Hoodie Black,clothes,Croma,2026-01-01,4240
nike-club-men-hoodie-black,Nike Club Men Hoodie Black,clothes,Croma,2026-02-01,4100
nike-club-men-hoodie-black,Nike Club Men Hoodie Black,clothes,Croma,2026-03-01,3840
nike-club-men-hoodie-black,Nike Club Men Hoodie Black,clothes,Croma,2026-04-01,4050
adidas-men-running-shoes-duramo-sl,Adidas Men Running Shoes Duramo SL,clothes,Amazon,2025-05-01,5160
adidas-men-running-shoes-duramo-sl,Adidas Men Running Shoes Duramo SL,clothes,Amazon,2025-06-01,5060
adidas-men-running-shoes-duramo-sl,Adidas Men Running Shoes Duramo SL,clothes,Amazon,2025-07-01,4820
adidas-men-running-shoes-duramo-sl,Adidas Men Running Shoes Duramo SL,clothes,Amazon,2025-08-01,4930
adidas-men-running-shoes-duramo-sl,Adidas Men Running Shoes Duramo SL,clothes,Amazon,2025-09-01,4990
adidas-men-running-shoes-duramo-sl,Adidas Men Running Shoes Duramo SL,clothes,Amazon,2025-10-01,4780
adidas-men-running-shoes-duramo-sl,Adidas Men Running Shoes Duramo SL,clothes,Amazon,2025-11-01,4710
adidas-men-running-shoes-duramo-sl,Adidas Men Running Shoes Duramo SL,clothes,Amazon,2025-12-01,4810
adidas-men-running-shoes-duramo-sl,Adidas Men Running Shoes Duramo SL,clothes,Amazon,2026-01-01,4780
adidas-men-running-shoes-duramo-sl,Adidas Men Running Shoes Duramo SL,clothes,Amazon,2026-02-01,4720
adidas-men-running-shoes-duramo-sl,Adidas Men Running Shoes Duramo SL,clothes,Amazon,2026-03-01,4330
adidas-men-running-shoes-duramo-sl,Adidas Men Running Shoes Duramo SL,clothes,Amazon,2026-04-01,4550
adidas-men-running-shoes-duramo-sl,Adidas Men Running Shoes Duramo SL,clothes,Flipkart,2025-05-01,4950
adidas-men-running-shoes-duramo-sl,Adidas Men Running Shoes Duramo SL,clothes,Flipkart,2025-06-01,4850
adidas-men-running-shoes-duramo-sl,Adidas Men Running Shoes Duramo SL,clothes,Flipkart,2025-07-01,4610
adidas-men-running-shoes-duramo-sl,Adidas Men Running Shoes Duramo SL,clothes,Flipkart,2025-08-01,4730
adidas-men-running-shoes-duramo-sl,Adidas Men Running Shoes Duramo SL,clothes,Flipkart,2025-09-01,4740
adidas-men-running-shoes-duramo-sl,Adidas Men Running Shoes Duramo SL,clothes,Flipkart,2025-10-01,4490
adidas-men-running-shoes-duramo-sl,Adidas Men Running Shoes Duramo SL,clothes,Flipkart,2025-11-01,4410
adidas-men-running-shoes-duramo-sl,Adidas Men Running Shoes Duramo SL,clothes,Flipkart,2025-12-01,4560
adidas-men-running-shoes-duramo-sl,Adidas Men Running Shoes Duramo SL,clothes,Flipkart,2026-01-01,4460
adidas-men-running-shoes-duramo-sl,Adidas Men Running Shoes Duramo SL,clothes,Flipkart,2026-02-01,4310
adidas-men-running-shoes-duramo-sl,Adidas Men Running Shoes Duramo SL,clothes,Flipkart,2026-03-01,4030
adidas-men-running-shoes-duramo-sl,Adidas Men Running Shoes Duramo SL,clothes,Flipkart,2026-04-01,4230
adidas-men-running-shoes-duramo-sl,Adidas Men Running Shoes Duramo SL,clothes,Myntra,2025-05-01,4840
adidas-men-running-shoes-duramo-sl,Adidas Men Running Shoes Duramo SL,clothes,Myntra,2025-06-01,4720
adidas-men-running-shoes-duramo-sl,Adidas Men Running Shoes Duramo SL,clothes,Myntra,2025-07-01,4510
adidas-men-running-shoes-duramo-sl,Adidas Men Running Shoes Duramo SL,clothes,Myntra,2025-08-01,4710
adidas-men-running-shoes-duramo-sl,Adidas Men Running Shoes Duramo SL,clothes,Myntra,2025-09-01,4600
adidas-men-running-shoes-duramo-sl,Adidas Men Running Shoes Duramo SL,clothes,Myntra,2025-10-01,4450
adidas-men-running-shoes-duramo-sl,Adidas Men Running Shoes Duramo SL,clothes,Myntra,2025-11-01,4320
adidas-men-running-shoes-duramo-sl,Adidas Men Running Shoes Duramo SL,clothes,Myntra,2025-12-01,4540
adidas-men-running-shoes-duramo-sl,Adidas Men Running Shoes Duramo SL,clothes,Myntra,2026-01-01,4510
adidas-men-running-shoes-duramo-sl,Adidas Men Running Shoes Duramo SL,clothes,Myntra,2026-02-01,4380
adidas-men-running-shoes-duramo-sl,Adidas Men Running Shoes Duramo SL,clothes,Myntra,2026-03-01,4010
adidas-men-running-shoes-duramo-sl,Adidas Men Running Shoes Duramo SL,clothes,Myntra,2026-04-01,4290
adidas-men-running-shoes-duramo-sl,Adidas Men Running Shoes Duramo SL,clothes,Croma,2025-05-01,5890
adidas-men-running-shoes-duramo-sl,Adidas Men Running Shoes Duramo SL,clothes,Croma,2025-06-01,5800
adidas-men-running-shoes-duramo-sl,Adidas Men Running Shoes Duramo SL,clothes,Croma,2025-07-01,5480
adidas-men-running-shoes-duramo-sl,Adidas Men Running Shoes Duramo SL,clothes,Croma,2025-08-01,5750
adidas-men-running-shoes-duramo-sl,Adidas Men Running Shoes Duramo SL,clothes,Croma,2025-09-01,5660
adidas-men-running-shoes-duramo-sl,Adidas Men Running Shoes Duramo SL,clothes,Croma,2025-10-01,5390
adidas-men-running-shoes-duramo-sl,Adidas Men Running Shoes Duramo SL,clothes,Croma,2025-11-01,5510
adidas-men-running-shoes-duramo-sl,Adidas Men Running Shoes Duramo SL,clothes,Croma,2025-12-01,5600
adidas-men-running-shoes-duramo-sl,Adidas Men Running Shoes Duramo SL,clothes,Croma,2026-01-01,5540
adidas-men-running-shoes-duramo-sl,Adidas Men Running Shoes Duramo SL,clothes,Croma,2026-02-01,5440
adidas-men-running-shoes-duramo-sl,Adidas Men Running Shoes Duramo SL,clothes,Croma,2026-03-01,5150
adidas-men-running-shoes-duramo-sl,Adidas Men Running Shoes Duramo SL,clothes,Croma,2026-04-01,5260
levi-s-men-511-slim-jeans-blue,Levi's Men 511 Slim Jeans Blue,clothes,Amazon,2025-05-01,3730
levi-s-men-511-slim-jeans-blue,Levi's Men 511 Slim Jeans Blue,clothes,Amazon,2025-06-01,3670
levi-s-men-511-slim-jeans-blue,Levi's Men 511 Slim Jeans Blue,clothes,Amazon,2025-07-01,3480
levi-s-men-511-slim-jeans-blue,Levi's Men 511 Slim Jeans Blue,clothes,Amazon,2025-08-01,3590
levi-s-men-511-slim-jeans-blue,Levi's Men 511 Slim Jeans Blue,clothes,Amazon,2025-09-01,3520
levi-s-men-511-slim-jeans-blue,Levi's Men 511 Slim Jeans Blue,clothes,Amazon,2025-10-01,3280
levi-s-men-511-slim-jeans-blue,Levi's Men 511 Slim Jeans Blue,clothes,Amazon,2025-11-01,3360
levi-s-men-511-slim-jeans-blue,Levi's Men 511 Slim Jeans Blue,clothes,Amazon,2025-12-01,3410
levi-s-men-511-slim-jeans-blue,Levi's Men 511 Slim Jeans Blue,clothes,Amazon,2026-01-01,3330
levi-s-men-511-slim-jeans-blue,Levi's Men 511 Slim Jeans Blue,clothes,Amazon,2026-02-01,3280
levi-s-men-511-slim-jeans-blue,Levi's Men 511 Slim Jeans Blue,clothes,Amazon,2026-03-01,3080
levi-s-men-511-slim-jeans-blue,Levi's Men 511 Slim Jeans Blue,clothes,Amazon,2026-04-01,3200
levi-s-men-511-slim-jeans-blue,Levi's Men 511 Slim Jeans Blue,clothes,Flipkart,2025-05-01,2640
levi-s-men-511-slim-jeans-blue,Levi's Men 511 Slim Jeans Blue,clothes,Flipkart,2025-06-01,2580
levi-s-men-511-slim-jeans-blue,Levi's Men 511 Slim Jeans Blue,clothes,Flipkart,2025-07-01,2420
levi-s-men-511-slim-jeans-blue,Levi's Men 511 Slim Jeans Blue,clothes,Flipkart,2025-08-01,2580
levi-s-men-511-slim-jeans-blue,Levi's Men 511 Slim Jeans Blue,clothes,Flipkart,2025-09-01,2480
levi-s-men-511-slim-jeans-blue,Levi's Men 511 Slim Jeans Blue,clothes,Flipkart,2025-10-01,2300
levi-s-men-511-slim-jeans-blue,Levi's Men 511 Slim Jeans Blue,clothes,Flipkart,2025-11-01,2390
levi-s-men-511-slim-jeans-blue,Levi's Men 511 Slim Jeans Blue,clothes,Flipkart,2025-12-01,2460
levi-s-men-511-slim-jeans-blue,Levi's Men 511 Slim Jeans Blue,clothes,Flipkart,2026-01-01,2360
levi-s-men-511-slim-jeans-blue,Levi's Men 511 Slim Jeans Blue,clothes,Flipkart,2026-02-01,2340
levi-s-men-511-slim-jeans-blue,Levi's Men 511 Slim Jeans Blue,clothes,Flipkart,2026-03-01,2080
levi-s-men-511-slim-jeans-blue,Levi's Men 511 Slim Jeans Blue,clothes,Flipkart,2026-04-01,2260
levi-s-men-511-slim-jeans-blue,Levi's Men 511 Slim Jeans Blue,clothes,Myntra,2025-05-01,2670
levi-s-men-511-slim-jeans-blue,Levi's Men 511 Slim Jeans Blue,clothes,Myntra,2025-06-01,2640
levi-s-men-511-slim-jeans-blue,Levi's Men 511 Slim Jeans Blue,clothes,Myntra,2025-07-01,2400
levi-s-men-511-slim-jeans-blue,Levi's Men 511 Slim Jeans Blue,clothes,Myntra,2025-08-01,2510
levi-s-men-511-slim-jeans-blue,Levi's Men 511 Slim Jeans Blue,clothes,Myntra,2025-09-01,2430
levi-s-men-511-slim-jeans-blue,Levi's Men 511 Slim Jeans Blue,clothes,Myntra,2025-10-01,2300
levi-s-men-511-slim-jeans-blue,Levi's Men 511 Slim Jeans Blue,clothes,Myntra,2025-11-01,2180
levi-s-men-511-slim-jeans-blue,Levi's Men 511 Slim Jeans Blue,clothes,Myntra,2025-12-01,2340
levi-s-men-511-slim-jeans-blue,Levi's Men 511 Slim Jeans Blue,clothes,Myntra,2026-01-01,2320
levi-s-men-511-slim-jeans-blue,Levi's Men 511 Slim Jeans Blue,clothes,Myntra,2026-02-01,2230
levi-s-men-511-slim-jeans-blue,Levi's Men 511 Slim Jeans Blue,clothes,Myntra,2026-03-01,2040
levi-s-men-511-slim-jeans-blue,Levi's Men 511 Slim Jeans Blue,clothes,Myntra,2026-04-01,2130
levi-s-men-511-slim-jeans-blue,Levi's Men 511 Slim Jeans Blue,clothes,Croma,2025-05-01,4030
levi-s-men-511-slim-jeans-blue,Levi's Men 511 Slim Jeans Blue,clothes,Croma,2025-06-01,4060
levi-s-men-511-slim-jeans-blue,Levi's Men 511 Slim Jeans Blue,clothes,Croma,2025-07-01,3790
levi-s-men-511-slim-jeans-blue,Levi's Men 511 Slim Jeans Blue,clothes,Croma,2025-08-01,3950
levi-s-men-511-slim-jeans-blue,Levi's Men 511 Slim Jeans Blue,clothes,Croma,2025-09-01,3870
levi-s-men-511-slim-jeans-blue,Levi's Men 511 Slim Jeans Blue,clothes,Croma,2025-10-01,3710
levi-s-men-511-slim-jeans-blue,Levi's Men 511 Slim Jeans Blue,clothes,Croma,2025-11-01,3640
levi-s-men-511-slim-jeans-blue,Levi's Men 511 Slim Jeans Blue,clothes,Croma,2025-12-01,3790
levi-s-men-511-slim-jeans-blue,Levi's Men 511 Slim Jeans Blue,clothes,Croma,2026-01-01,3710
levi-s-men-511-slim-jeans-blue,Levi's Men 511 Slim Jeans Blue,clothes,Croma,2026-02-01,3620
levi-s-men-511-slim-jeans-blue,Levi's Men 511 Slim Jeans Blue,clothes,Croma,2026-03-01,3450
levi-s-men-511-slim-jeans-blue,Levi's Men 511 Slim Jeans Blue,clothes,Croma,2026-04-01,3560
puma-unisex-essential-logo-tee,Puma Unisex Essential Logo Tee,clothes,Amazon,2025-05-01,1810
puma-unisex-essential-logo-tee,Puma Unisex Essential Logo Tee,clothes,Amazon,2025-06-01,1810
puma-unisex-essential-logo-tee,Puma Unisex Essential Logo Tee,clothes,Amazon,2025-07-01,1690
puma-unisex-essential-logo-tee,Puma Unisex Essential Logo Tee,clothes,Amazon,2025-08-01,1750
puma-unisex-essential-logo-tee,Puma Unisex Essential Logo Tee,clothes,Amazon,2025-09-01,1740
puma-unisex-essential-logo-tee,Puma Unisex Essential Logo Tee,clothes,Amazon,2025-10-01,1660
puma-unisex-essential-logo-tee,Puma Unisex Essential Logo Tee,clothes,Amazon,2025-11-01,1620
puma-unisex-essential-logo-tee,Puma Unisex Essential Logo Tee,clothes,Amazon,2025-12-01,1710
puma-unisex-essential-logo-tee,Puma Unisex Essential Logo Tee,clothes,Amazon,2026-01-01,1690
puma-unisex-essential-logo-tee,Puma Unisex Essential Logo Tee,clothes,Amazon,2026-02-01,1640
puma-unisex-essential-logo-tee,Puma Unisex Essential Logo Tee,clothes,Amazon,2026-03-01,1520
puma-unisex-essential-logo-tee,Puma Unisex Essential Logo Tee,clothes,Amazon,2026-04-01,1600
puma-unisex-essential-logo-tee,Puma Unisex Essential Logo Tee,clothes,Flipkart,2025-05-01,1720
puma-unisex-essential-logo-tee,Puma Unisex Essential Logo Tee,clothes,Flipkart,2025-06-01,1710
puma-unisex-essential-logo-tee,Puma Unisex Essential Logo Tee,clothes,Flipkart,2025-07-01,1660
puma-unisex-essential-logo-tee,Puma Unisex Essential Logo Tee,clothes,Flipkart,2025-08-01,1680
puma-unisex-essential-logo-tee,Puma Unisex Essential Logo Tee,clothes,Flipkart,2025-09-01,1670
puma-unisex-essential-logo-tee,Puma Unisex Essential Logo Tee,clothes,Flipkart,2025-10-01,1610
puma-unisex-essential-logo-tee,Puma Unisex Essential Logo Tee,clothes,Flipkart,2025-11-01,1580
puma-unisex-essential-logo-tee,Puma Unisex Essential Logo Tee,clothes,Flipkart,2025-12-01,1650
puma-unisex-essential-logo-tee,Puma Unisex Essential Logo Tee,clothes,Flipkart,2026-01-01,1620
puma-unisex-essential-logo-tee,Puma Unisex Essential Logo Tee,clothes,Flipkart,2026-02-01,1600
puma-unisex-essential-logo-tee,Puma Unisex Essential Logo Tee,clothes,Flipkart,2026-03-01,1520
puma-unisex-essential-logo-tee,Puma Unisex Essential Logo Tee,clothes,Flipkart,2026-04-01,1580
puma-unisex-essential-logo-tee,Puma Unisex Essential Logo Tee,clothes,Myntra,2025-05-01,1250
puma-unisex-essential-logo-tee,Puma Unisex Essential Logo Tee,clothes,Myntra,2025-06-01,1250
puma-unisex-essential-logo-tee,Puma Unisex Essential Logo Tee,clothes,Myntra,2025-07-01,1170
puma-unisex-essential-logo-tee,Puma Unisex Essential Logo Tee,clothes,Myntra,2025-08-01,1210
puma-unisex-essential-logo-tee,Puma Unisex Essential Logo Tee,clothes,Myntra,2025-09-01,1200
puma-unisex-essential-logo-tee,Puma Unisex Essential Logo Tee,clothes,Myntra,2025-10-01,1160
puma-unisex-essential-logo-tee,Puma Unisex Essential Logo Tee,clothes,Myntra,2025-11-01,1150
puma-unisex-essential-logo-tee,Puma Unisex Essential Logo Tee,clothes,Myntra,2025-12-01,1200
puma-unisex-essential-logo-tee,Puma Unisex Essential Logo Tee,clothes,Myntra,2026-01-01,1170
puma-unisex-essential-logo-tee,Puma Unisex Essential Logo Tee,clothes,Myntra,2026-02-01,1160
puma-unisex-essential-logo-tee,Puma Unisex Essential Logo Tee,clothes,Myntra,2026-03-01,1090
puma-unisex-essential-logo-tee,Puma Unisex Essential Logo Tee,clothes,Myntra,2026-04-01,1130
puma-unisex-essential-logo-tee,Puma Unisex Essential Logo Tee,clothes,Croma,2025-05-01,1730
puma-unisex-essential-logo-tee,Puma Unisex Essential Logo Tee,clothes,Croma,2025-06-01,1700
puma-unisex-essential-logo-tee,Puma Unisex Essential Logo Tee,clothes,Croma,2025-07-01,1590
puma-unisex-essential-logo-tee,Puma Unisex Essential Logo Tee,clothes,Croma,2025-08-01,1680
puma-unisex-essential-logo-tee,Puma Unisex Essential Logo Tee,clothes,Croma,2025-09-01,1660
puma-unisex-essential-logo-tee,Puma Unisex Essential Logo Tee,clothes,Croma,2025-10-01,1630
puma-unisex-essential-logo-tee,Puma Unisex Essential Logo Tee,clothes,Croma,2025-11-01,1600
puma-unisex-essential-logo-tee,Puma Unisex Essential Logo Tee,clothes,Croma,2025-12-01,1670
puma-unisex-essential-logo-tee,Puma Unisex Essential Logo Tee,clothes,Croma,2026-01-01,1660
puma-unisex-essential-logo-tee,Puma Unisex Essential Logo Tee,clothes,Croma,2026-02-01,1630
puma-unisex-essential-logo-tee,Puma Unisex Essential Logo Tee,clothes,Croma,2026-03-01,1520
puma-unisex-essential-logo-tee,Puma Unisex Essential Logo Tee,clothes,Croma,2026-04-01,1600
